zip,id
00214,1
00612,1
00662,1
00680,1
00716,1
00718,1
00721,1
00725,1
00729,1
00745,2
00791,3
00792,1
00909,2
00918,5
00919,2
00920,1
00923,1
00926,1
00949,1
00962,1
00966,1
00968,2
00969,2
01001,7
01002,17
01003,17
01005,1
01013,1
01020,5
01027,15
01030,1
01035,11
01040,11
01056,3
01060,29
01062,3
01069,2
01075,6
01085,4
01089,13
01096,2
01103,9
01104,4
01105,4
01106,1
01107,9
01108,2
01109,7
01129,2
01144,1
01199,6
01201,7
01223,2
01225,1
01226,1
01230,6
01236,1
01237,1
01238,7
01240,9
01247,7
01262,3
01267,21
01301,15
01331,3
01339,1
01344,5
01354,1
01360,1
01364,2
01370,2
01373,6
01376,6
01420,3
01430,2
01432,1
01434,1
01436,1
01440,4
01450,6
01451,1
01453,8
01460,5
01462,1
01468,2
01475,3
01501,11
01504,2
01507,9
01515,2
01516,1
01519,1
01523,3
01524,2
01527,7
01532,3
01536,6
01540,1
01541,1
01545,10
01550,1
01562,3
01564,9
01566,4
01569,1
01571,2
01581,6
01590,2
01602,9
01603,4
01604,21
01605,34
01606,20
01607,1
01608,10
01609,5
01610,9
01655,2
01701,10
01702,8
01718,1
01719,1
01720,9
01730,9
01740,2
01741,3
01742,9
01748,2
01749,3
01752,56
01754,9
01757,8
01760,19
01770,1
01772,1
01773,1
01776,3
01778,9
01801,13
01803,37
01810,11
01821,9
01824,9
01830,8
01832,5
01834,1
01840,1
01841,6
01843,19
01844,14
01845,5
01851,1
01852,31
01854,27
01862,2
01863,4
01867,5
01876,10
01879,7
01880,17
01886,14
01887,18
01890,1
01905,3
01906,5
01907,3
01913,16
01915,32
01921,3
01923,14
01929,1
01930,7
01938,3
01940,4
01944,3
01945,6
01950,6
01951,1
01952,1
01960,3
01966,9
01969,4
01970,30
01982,1
01983,3
01984,3
01985,4
02002,1
02019,1
02021,13
02025,8
02026,6
02032,2
02035,5
02038,7
02043,5
02048,2
02050,2
02052,4
02053,7
02056,1
02061,4
02062,21
02066,3
02067,1
02072,12
02081,3
02090,3
02093,5
02108,6
02109,10
02110,35
02111,6
02114,23
02115,16
02116,25
02118,27
02119,6
02120,20
02121,6
02122,2
02125,10
02126,4
02127,3
02128,48
02129,26
02130,7
02131,6
02132,3
02134,5
02135,4
02136,3
02138,3
02139,35
02140,11
02141,52
02142,94
02143,7
02144,2
02145,19
02148,29
02150,2
02151,19
02155,12
02169,12
02171,8
02176,16
02180,9
02184,7
02186,2
02188,7
02189,8
02190,2
02199,4
02210,80
02215,18
02301,8
02302,10
02322,1
02324,11
02332,2
02334,1
02338,1
02339,2
02341,2
02346,13
02347,1
02359,2
02360,18
02364,1
02368,1
02370,4
02375,2
02379,1
02382,1
02420,8
02421,11
02445,2
02446,3
02451,64
02452,2
02453,11
02458,5
02459,14
02460,6
02461,1
02462,1
02464,1
02466,4
02467,3
02472,20
02474,2
02476,6
02478,3
02481,14
02482,1
02492,3
02493,4
02494,4
02532,4
02535,2
02536,1
02538,1
02539,4
02540,5
02543,1
02554,12
02559,3
02562,5
02563,5
02568,2
02571,4
02575,3
02601,32
02630,3
02631,1
02633,2
02639,1
02642,3
02645,7
02649,2
02653,5
02657,7
02663,2
02664,1
02666,1
02667,1
02673,2
02703,7
02715,3
02720,28
02721,2
02726,3
02738,2
02740,4
02743,1
02745,4
02746,4
02747,4
02748,1
02760,12
02761,1
02762,2
02766,4
02767,6
02770,1
02771,3
02777,3
02780,1
02790,2
02804,5
02806,5
02809,3
02813,1
02814,1
02816,2
02817,1
02818,4
02822,1
02830,3
02835,1
02840,15
02842,12
02852,3
02859,2
02860,4
02861,7
02864,8
02865,8
02871,2
02874,1
02878,4
02879,6
02881,5
02882,4
02886,23
02888,19
02891,3
02893,4
02895,7
02896,1
02898,1
02903,24
02904,7
02905,8
02906,6
02907,16
02908,20
02909,9
02910,1
02911,3
02914,11
02915,5
02916,3
02917,3
02919,15
02920,8
02921,2
03053,3
03054,2
03055,1
03060,3
03062,4
03079,13
03101,5
03103,9
03106,3
03110,4
03216,2
03217,1
03221,2
03222,1
03245,1
03246,1
03251,4
03253,2
03256,5
03257,2
03262,1
03264,2
03266,1
03276,3
03301,4
03302,1
03303,1
03304,4
03431,4
03446,2
03449,1
03458,1
03466,1
03561,4
03575,2
03576,1
03581,7
03586,1
03748,1
03753,1
03755,7
03756,1
03766,4
03768,1
03784,4
03801,13
03812,1
03818,2
03820,5
03824,2
03833,4
03838,1
03845,1
03846,3
03857,1
03860,8
03862,2
03867,3
03874,2
03878,4
03885,2
03894,2
03902,1
03904,4
03906,1
03907,2
03909,6
03911,1
04005,9
04009,2
04011,9
04015,2
04016,1
04021,3
04022,1
04029,1
04032,5
04037,2
04038,3
04043,18
04046,9
04054,1
04055,1
04062,4
04071,1
04072,3
04073,1
04074,9
04079,1
04084,1
04086,8
04090,3
04092,6
04096,2
04097,1
04101,35
04102,6
04103,5
04104,1
04105,8
04106,11
04107,4
04122,1
04210,10
04217,4
04220,1
04238,1
04240,2
04255,1
04260,1
04261,3
04268,4
04270,3
04274,2
04276,1
04281,6
04294,3
04327,1
04330,18
04345,5
04347,2
04351,1
04401,12
04412,3
04416,2
04421,2
04424,1
04441,3
04460,1
04462,2
04469,1
04472,1
04530,1
04537,1
04538,2
04543,1
04544,2
04553,2
04562,1
04574,1
04578,1
04604,1
04605,4
04609,14
04612,1
04614,5
04616,1
04617,1
04619,3
04627,1
04631,1
04640,1
04652,2
04653,1
04654,1
04658,1
04660,1
04662,2
04669,1
04674,1
04679,2
04681,1
04684,1
04685,1
04693,1
04694,1
04730,4
04736,1
04743,2
04769,3
04841,5
04843,5
04848,1
04850,2
04856,2
04859,1
04860,1
04861,2
04901,3
04915,3
04927,1
04937,2
04938,4
04945,4
04947,1
04953,2
04966,1
04967,2
04970,2
04974,1
04976,5
04988,3
05001,7
05031,2
05032,3
05033,2
05045,1
05055,2
05059,3
05060,2
05061,2
05068,3
05089,2
05091,3
05101,1
05142,1
05143,2
05146,2
05149,3
05152,1
05153,1
05155,2
05156,3
05201,7
05250,2
05251,3
05254,1
05255,7
05257,3
05301,13
05302,1
05344,1
05345,2
05346,1
05356,2
05359,1
05360,2
05363,2
05401,25
05403,24
05405,7
05408,2
05439,1
05445,1
05446,4
05450,1
05452,4
05459,1
05461,1
05462,1
05464,2
05465,1
05471,2
05472,1
05477,1
05478,4
05482,6
05486,1
05487,1
05488,1
05491,3
05495,7
05602,24
05641,5
05655,3
05656,3
05661,3
05663,2
05667,1
05669,1
05672,17
05673,12
05674,7
05676,5
05677,1
05701,12
05733,2
05735,1
05737,1
05751,11
05753,13
05759,1
05770,1
05819,9
05820,1
05824,2
05827,1
05828,3
05830,1
05843,7
05846,1
05855,4
05859,1
05860,1
05862,1
06001,1
06002,5
06010,5
06013,1
06018,1
06019,1
06026,1
06029,5
06032,1
06033,2
06035,1
06037,2
06039,1
06040,3
06042,5
06051,5
06053,5
06058,1
06062,2
06063,1
06066,3
06067,3
06068,1
06070,6
06072,1
06074,1
06075,2
06076,1
06078,1
06082,4
06084,1
06089,1
06092,2
06095,3
06096,3
06103,11
06105,1
06106,10
06107,4
06108,3
06109,4
06110,3
06111,5
06112,2
06117,2
06118,2
06120,5
06226,7
06232,1
06234,2
06237,1
06238,2
06239,2
06248,5
06256,1
06258,1
06259,1
06260,8
06268,6
06269,2
06281,2
06320,10
06338,2
06339,1
06340,12
06351,1
06355,5
06357,2
06360,10
06371,2
06374,1
06378,1
06380,1
06382,2
06385,2
06389,1
06401,1
06403,1
06405,7
06408,1
06410,1
06413,2
06416,1
06417,1
06423,1
06424,3
06426,2
06437,3
06443,9
06450,5
06451,1
06457,9
06459,4
06460,12
06470,1
06471,1
06473,6
06475,7
06477,4
06478,1
06483,1
06484,4
06488,1
06489,5
06492,6
06498,2
06510,10
06511,9
06512,3
06514,2
06516,2
06517,3
06518,2
06519,12
06524,1
06525,2
06604,2
06605,2
06606,3
06608,1
06610,2
06611,3
06612,1
06614,1
06615,1
06701,1
06704,1
06705,2
06706,4
06757,2
06762,1
06763,1
06776,4
06783,1
06787,1
06790,6
06793,2
06794,1
06795,4
06801,2
06810,21
06811,4
06812,1
06820,7
06824,18
06825,3
06830,9
06831,1
06840,5
06850,4
06851,5
06854,9
06870,1
06877,5
06880,15
06883,1
06890,1
06897,2
06901,8
06902,8
06905,7
07001,3
07002,1
07003,11
07004,6
07005,1
07009,2
07013,1
07014,1
07016,3
07018,1
07020,6
07023,1
07024,3
07027,4
07028,1
07029,6
07030,18
07032,7
07035,3
07039,4
07040,1
07041,1
07042,9
07043,2
07044,5
07045,1
07047,2
07052,8
07054,12
07055,2
07059,4
07060,4
07065,3
07066,1
07068,1
07069,1
07070,11
07071,2
07073,3
07075,3
07078,3
07079,2
07081,4
07083,10
07086,1
07087,1
07090,4
07092,1
07093,7
07094,6
07095,13
07102,7
07103,1
07104,1
07105,1
07106,1
07107,1
07108,2
07109,1
07114,22
07201,11
07204,1
07205,2
07208,1
07302,21
07304,4
07305,3
07306,3
07307,3
07310,7
07311,3
07392,1
07405,1
07410,2
07417,4
07424,3
07430,26
07442,1
07444,1
07446,3
07450,3
07452,1
07458,1
07461,2
07470,10
07495,7
07506,3
07512,3
07601,6
07604,2
07605,2
07606,1
07621,1
07624,2
07627,1
07628,2
07643,1
07644,3
07645,2
07647,1
07649,2
07652,23
07657,1
07662,2
07663,2
07666,4
07670,1
07677,19
07701,9
07702,1
07712,2
07716,1
07719,10
07724,6
07728,8
07730,1
07731,2
07732,2
07733,7
07735,4
07740,1
07747,3
07748,1
07753,6
07755,3
07764,1
07822,1
07828,1
07832,1
07834,8
07843,1
07849,1
07856,1
07857,1
07860,5
07866,3
07869,2
07871,3
07874,2
07882,1
07885,3
07901,2
07920,8
07921,1
07922,5
07924,1
07927,1
07928,4
07936,1
07940,10
07950,3
07960,11
07974,2
07981,1
08002,11
08003,2
08004,2
08005,1
08008,6
08010,1
08012,4
08016,10
08028,2
08031,2
08034,2
08036,1
08037,7
08038,7
08046,2
08050,3
08051,2
08052,1
08053,2
08054,5
08059,1
08060,3
08062,1
08066,1
08067,3
08069,1
08075,1
08077,1
08078,1
08080,2
08081,4
08083,1
08085,1
08087,1
08088,1
08093,1
08096,4
08098,1
08102,3
08108,2
08109,2
08202,2
08203,1
08204,3
08205,4
08210,1
08215,2
08217,1
08226,3
08234,7
08240,1
08247,1
08260,5
08312,1
08318,1
08328,1
08330,3
08360,1
08401,4
08505,2
08510,1
08512,1
08520,1
08525,1
08527,1
08528,1
08530,1
08534,4
08536,4
08540,12
08542,2
08550,2
08558,3
08559,2
08609,1
08611,2
08619,3
08620,2
08628,7
08638,1
08648,8
08690,4
08691,5
08723,1
08731,2
08736,2
08750,1
08751,6
08753,1
08757,1
08805,4
08807,6
08809,3
08816,13
08817,11
08820,1
08822,8
08830,2
08831,2
08833,3
08837,5
08840,2
08844,2
08852,2
08853,1
08854,3
08857,7
08861,2
08869,2
08873,3
08876,8
08879,6
08882,1
08886,2
08901,3
08902,3
08904,3
09048,1
10001,10
10002,5
10003,14
10004,2
10005,3
10006,1
10007,3
10010,9
10011,15
10012,5
10013,10
10014,9
10016,25
10017,6
10018,2
10019,30
10021,23
10022,21
10023,19
10024,11
10025,20
10026,1
10027,2
10028,19
10029,4
10030,1
10032,1
10033,5
10035,1
10036,10
10038,3
10044,11
10065,20
10069,11
10075,11
10080,1
10105,1
10128,12
10155,7
10172,1
10280,6
10281,1
10282,3
10301,2
10305,7
10306,2
10307,1
10309,2
10310,1
10314,20
10451,1
10459,1
10460,3
10463,4
10465,1
10466,2
10467,4
10468,2
10469,1
10470,1
10471,3
10473,1
10475,2
10505,1
10506,1
10507,4
10509,2
10512,1
10514,5
10520,2
10522,2
10523,2
10524,1
10530,2
10532,1
10533,5
10535,1
10536,4
10538,5
10541,2
10543,3
10548,1
10549,2
10552,2
10562,7
10566,1
10567,1
10570,3
10573,4
10576,1
10577,1
10580,3
10583,5
10589,2
10590,1
10591,7
10594,1
10595,7
10598,3
10601,6
10603,1
10604,4
10605,6
10606,7
10701,5
10704,1
10706,1
10707,9
10708,4
10710,3
10801,5
10802,1
10803,1
10804,1
10901,9
10911,1
10913,1
10917,2
10918,1
10922,1
10924,6
10926,1
10927,1
10928,1
10940,14
10941,2
10952,2
10954,7
10956,3
10958,1
10960,2
10962,1
10965,7
10968,1
10976,2
10977,2
10990,2
10992,1
10994,1
11010,1
11022,1
11040,4
11096,2
11101,20
11103,1
11105,2
11106,3
11109,3
11201,22
11203,4
11205,7
11206,2
11209,2
11211,8
11212,1
11213,1
11215,12
11216,1
11217,10
11219,10
11220,1
11221,1
11222,2
11224,1
11225,1
11230,1
11231,7
11232,4
11233,1
11235,1
11238,4
11239,1
11248,2
11249,10
11354,8
11355,3
11360,1
11361,1
11364,1
11367,1
11368,2
11369,4
11371,7
11372,3
11373,3
11374,2
11375,7
11377,4
11378,1
11379,3
11385,1
11413,1
11415,3
11417,1
11423,1
11430,8
11432,3
11433,6
11501,1
11514,3
11520,3
11530,9
11542,2
11545,1
11548,1
11550,3
11552,1
11553,1
11554,2
11556,1
11566,1
11568,1
11569,1
11570,4
11572,2
11577,2
11580,1
11581,2
11590,7
11598,1
11692,1
11694,1
11701,3
11702,3
11703,7
11705,1
11706,5
11710,2
11715,1
11717,2
11720,6
11724,1
11725,1
11726,1
11729,7
11732,1
11733,1
11735,7
11738,5
11743,7
11746,4
11747,11
11754,1
11755,3
11756,1
11757,4
11758,3
11762,1
11763,2
11766,1
11767,1
11768,1
11769,2
11771,1
11772,7
11776,1
11777,4
11780,2
11784,2
11787,3
11788,5
11790,13
11791,2
11793,2
11795,3
11797,1
11801,4
11803,3
11901,21
11931,1
11932,4
11933,1
11934,1
11935,2
11937,6
11944,2
11946,1
11947,2
11948,1
11949,3
11954,8
11958,2
11961,9
11963,4
11964,6
11967,1
11968,7
11971,3
11976,3
11978,7
11980,1
12009,24
12010,20
12015,2
12018,1
12019,3
12020,27
12027,1
12029,1
12033,6
12037,2
12043,2
12047,30
12051,3
12053,1
12054,23
12061,3
12065,66
12072,1
12075,1
12077,3
12078,1
12081,1
12084,7
12087,2
12090,1
12095,9
12106,2
12110,47
12118,5
12125,1
12134,2
12143,1
12144,10
12157,1
12159,9
12164,3
12165,1
12166,1
12180,46
12182,2
12183,1
12184,2
12186,5
12188,6
12189,27
12198,4
12202,12
12203,32
12204,10
12205,60
12206,10
12207,9
12208,15
12209,4
12210,4
12211,28
12217,1
12302,27
12303,7
12304,7
12305,16
12306,6
12308,12
12309,19
12401,38
12406,1
12414,2
12422,1
12428,1
12430,1
12442,2
12443,1
12446,3
12449,4
12451,1
12457,1
12472,1
12474,2
12477,6
12480,1
12484,4
12485,2
12493,1
12496,2
12498,3
12501,3
12502,2
12504,3
12508,7
12513,1
12514,1
12518,1
12522,1
12524,3
12525,4
12526,1
12528,3
12529,3
12534,16
12538,1
12540,2
12541,1
12545,1
12546,2
12547,1
12548,1
12549,1
12550,4
12553,2
12561,26
12564,1
12565,1
12567,1
12569,3
12571,10
12572,7
12580,1
12583,1
12589,2
12590,3
12594,1
12601,17
12603,4
12604,1
12701,5
12720,1
12723,1
12732,3
12742,1
12748,1
12749,1
12754,1
12759,1
12771,1
12775,1
12776,1
12777,2
12788,1
12792,1
12801,23
12803,4
12804,38
12814,7
12817,2
12828,3
12831,3
12834,3
12845,24
12846,2
12847,1
12852,1
12853,8
12856,2
12866,83
12870,2
12883,4
12885,1
12887,1
12901,21
12903,1
12912,1
12919,1
12921,2
12928,1
12932,2
12936,5
12942,2
12943,1
12946,25
12950,2
12953,9
12970,5
12972,2
12974,3
12977,1
12979,1
12983,12
12986,4
12992,4
12993,4
12996,2
12997,3
13021,8
13026,1
13027,16
13029,1
13030,3
13032,6
13035,4
13036,1
13037,3
13039,2
13041,1
13045,9
13053,2
13057,17
13064,1
13066,7
13077,1
13078,4
13080,1
13088,13
13090,9
13104,1
13108,1
13115,1
13126,6
13131,1
13142,3
13152,1
13159,2
13164,1
13165,6
13166,1
13202,10
13203,1
13204,9
13206,2
13209,1
13210,16
13212,4
13214,2
13244,7
13308,2
13309,1
13316,3
13320,1
13322,1
13323,6
13326,8
13339,1
13340,4
13346,5
13350,4
13360,1
13365,1
13367,1
13368,1
13408,2
13413,14
13417,1
13420,2
13421,3
13440,3
13441,2
13460,1
13473,1
13478,10
13480,1
13491,1
13492,1
13495,7
13501,1
13502,7
13601,11
13617,7
13630,1
13655,6
13662,4
13667,1
13669,1
13676,3
13694,1
13695,1
13731,1
13753,2
13755,1
13760,4
13783,2
13790,1
13795,1
13812,2
13815,1
13820,6
13827,1
13830,1
13850,19
13865,1
13901,5
13903,1
13904,5
13905,7
14006,3
14009,1
14011,1
14020,8
14031,1
14036,1
14040,1
14043,2
14048,3
14051,1
14052,2
14059,2
14063,5
14069,1
14072,11
14075,7
14086,1
14092,1
14094,2
14103,2
14109,1
14120,2
14127,15
14131,1
14136,1
14139,1
14141,3
14150,9
14171,1
14202,8
14203,32
14204,12
14206,1
14209,6
14210,21
14211,7
14213,2
14214,15
14215,1
14216,4
14221,27
14222,6
14223,4
14225,6
14226,15
14227,4
14228,11
14303,4
14304,4
14305,1
14411,2
14414,5
14416,2
14418,1
14420,7
14422,1
14424,4
14425,3
14428,3
14432,5
14433,2
14437,1
14445,8
14450,8
14454,7
14456,9
14467,1
14468,1
14471,1
14472,5
14480,1
14482,3
14487,10
14489,1
14502,2
14510,2
14513,17
14514,1
14519,3
14526,5
14527,2
14530,1
14534,3
14543,1
14546,3
14548,1
14551,1
14555,1
14559,3
14564,7
14569,1
14572,1
14580,12
14586,3
14604,11
14605,1
14606,1
14607,14
14609,3
14610,1
14611,6
14612,5
14614,4
14615,3
14616,4
14617,18
14618,12
14620,5
14621,13
14623,47
14624,4
14625,4
14626,8
14627,1
14701,14
14719,1
14731,2
14733,1
14744,3
14747,1
14750,3
14757,1
14760,4
14779,3
14787,1
14810,2
14813,2
14817,1
14818,3
14830,5
14837,1
14840,1
14843,2
14845,4
14846,1
14850,31
14853,3
14864,1
14865,2
14870,3
14881,1
14886,3
14891,3
14892,1
14895,1
14901,2
14903,4
14905,1
15001,1
15009,1
15010,1
15012,2
15017,2
15033,1
15050,1
15071,1
15090,13
15102,1
15104,2
15108,6
15110,4
15122,3
15143,1
15146,5
15147,1
15201,2
15203,3
15205,6
15206,33
15207,1
15208,2
15212,11
15213,34
15215,3
15216,2
15217,5
15219,16
15220,3
15222,43
15223,2
15224,1
15228,1
15229,1
15231,1
15232,5
15233,3
15235,1
15236,2
15237,4
15238,7
15241,1
15275,1
15301,18
15314,1
15317,2
15401,2
15425,2
15437,1
15470,1
15501,4
15522,2
15533,2
15559,1
15601,6
15610,1
15626,1
15627,1
15639,1
15642,1
15644,1
15650,4
15668,1
15701,5
15705,1
15801,1
15840,1
15857,1
15902,1
15904,2
15926,1
16001,1
16002,2
16037,1
16051,2
16057,1
16063,1
16066,3
16105,1
16127,2
16134,1
16137,2
16148,2
16150,1
16201,1
16214,2
16301,2
16335,2
16403,1
16412,1
16503,3
16505,4
16507,2
16509,7
16601,3
16602,4
16625,1
16635,1
16648,1
16652,1
16668,1
16686,1
16735,1
16801,16
16803,6
16823,5
16830,1
16841,1
16866,1
16901,2
16912,1
16933,1
17007,1
17011,7
17013,7
17015,5
17019,1
17022,3
17025,4
17032,2
17033,11
17036,2
17042,3
17043,1
17044,1
17046,1
17050,7
17053,1
17055,7
17057,5
17067,1
17070,4
17074,1
17078,3
17084,1
17101,5
17102,4
17104,1
17105,2
17109,3
17110,3
17111,2
17201,5
17222,1
17224,1
17225,1
17233,1
17236,1
17241,2
17257,4
17268,1
17307,1
17315,1
17320,3
17325,9
17331,2
17339,2
17345,1
17350,2
17353,1
17356,1
17402,9
17403,2
17404,2
17406,1
17408,1
17501,2
17505,4
17507,1
17517,3
17519,2
17520,6
17522,11
17532,2
17534,1
17540,2
17543,5
17551,1
17552,4
17555,1
17562,1
17566,1
17572,1
17584,1
17601,17
17602,10
17603,14
17701,2
17702,1
17745,3
17751,1
17756,4
17815,5
17821,6
17831,1
17837,1
17901,2
17931,1
17961,1
18015,10
18017,4
18018,8
18020,2
18034,5
18036,2
18037,1
18040,2
18042,2
18045,9
18051,1
18052,1
18055,1
18062,3
18087,1
18091,1
18101,17
18102,2
18103,6
18104,4
18106,4
18109,5
18202,1
18224,1
18229,3
18235,1
18252,2
18301,1
18321,2
18324,1
18334,2
18336,1
18337,1
18349,1
18357,1
18360,4
18372,1
18411,1
18414,1
18428,4
18431,3
18438,1
18445,1
18447,1
18503,5
18507,2
18508,1
18509,1
18512,1
18519,1
18603,1
18610,1
18624,2
18640,5
18643,1
18657,1
18702,11
18704,2
18830,1
18840,5
18848,2
18901,8
18902,1
18912,1
18914,2
18929,1
18936,1
18951,12
18954,1
18960,2
18966,2
18974,8
18976,4
19001,2
19002,8
19003,2
19004,5
19006,2
19007,2
19010,4
19015,1
19018,1
19020,11
19026,2
19027,1
19030,1
19032,1
19034,5
19036,1
19038,1
19041,2
19044,16
19046,3
19047,7
19053,11
19056,3
19063,4
19064,2
19067,1
19072,7
19073,2
19078,1
19081,2
19082,3
19083,1
19087,16
19090,5
19095,2
19096,3
19102,8
19103,22
19104,16
19107,14
19110,2
19112,3
19115,1
19116,1
19118,1
19122,1
19123,2
19124,2
19125,1
19127,5
19128,3
19129,3
19130,6
19131,1
19136,1
19137,1
19139,1
19141,1
19145,3
19147,3
19148,7
19149,2
19153,11
19154,2
19311,1
19312,7
19317,2
19320,2
19331,1
19333,6
19335,5
19341,7
19342,1
19344,2
19348,4
19355,22
19363,3
19380,7
19382,9
19390,1
19401,4
19403,2
19406,26
19422,6
19425,2
19426,2
19428,22
19438,1
19444,2
19446,3
19447,1
19448,1
19449,1
19450,1
19454,2
19460,4
19462,7
19464,3
19465,1
19468,6
19477,1
19512,1
19518,1
19520,3
19526,1
19530,2
19533,4
19560,1
19565,1
19601,1
19605,2
19606,1
19607,5
19608,1
19609,1
19610,3
19642,1
19701,2
19702,6
19703,2
19709,3
19711,10
19713,4
19716,6
19720,13
19801,5
19802,4
19803,4
19805,1
19806,3
19808,2
19809,2
19901,8
19904,2
19930,6
19933,3
19938,2
19939,2
19944,1
19947,4
19950,3
19956,2
19958,10
19963,7
19966,2
19968,1
19971,19
19973,3
19975,3
19977,5
20001,36
20002,36
20003,18
20004,11
20005,34
20006,15
20007,13
20008,3
20009,5
20010,2
20011,4
20012,1
20015,2
20016,4
20017,3
20018,3
20019,1
20020,2
20024,23
20032,4
20036,35
20037,17
20045,1
20109,5
20110,8
20112,1
20115,1
20117,1
20120,1
20121,4
20132,2
20135,1
20137,3
20147,30
20148,3
20151,9
20152,2
20158,4
20164,1
20166,32
20169,2
20170,15
20171,24
20175,2
20176,6
20181,1
20186,2
20187,2
20190,24
20191,18
20194,1
20240,3
20373,1
20502,1
20566,3
20593,6
20601,9
20602,3
20603,6
20607,2
20613,1
20616,1
20619,6
20622,1
20623,1
20629,1
20636,2
20637,1
20640,4
20646,5
20650,6
20653,7
20657,3
20659,2
20664,1
20670,2
20677,1
20678,5
20686,2
20688,3
20695,3
20701,5
20705,5
20706,5
20707,12
20708,1
20710,1
20712,1
20714,1
20715,14
20716,8
20720,2
20721,2
20722,5
20723,5
20724,2
20732,2
20735,3
20736,1
20737,5
20740,19
20742,4
20743,6
20744,2
20745,24
20746,2
20747,3
20748,2
20754,1
20759,8
20763,1
20770,4
20772,3
20774,9
20776,1
20781,4
20782,7
20783,1
20784,4
20785,5
20794,6
20814,32
20815,13
20817,7
20832,3
20837,2
20841,1
20850,39
20852,31
20854,11
20855,1
20866,3
20871,1
20874,18
20876,3
20877,8
20878,11
20879,5
20895,1
20901,1
20902,13
20903,1
20904,14
20906,1
20910,18
20912,8
21001,6
21005,1
21009,7
21012,5
21014,11
21015,8
21017,1
21029,6
21030,6
21031,1
21032,2
21034,4
21037,2
21040,1
21041,1
21042,4
21043,6
21044,51
21045,16
21046,9
21047,1
21048,1
21050,1
21060,1
21061,13
21074,3
21075,10
21076,20
21077,1
21078,2
21090,11
21093,4
21108,1
21113,8
21114,1
21117,10
21122,2
21128,3
21131,1
21133,2
21136,4
21152,2
21153,1
21157,4
21158,3
21162,6
21201,46
21202,49
21204,7
21205,6
21206,1
21207,2
21208,2
21209,7
21210,2
21211,5
21212,4
21213,5
21214,2
21215,4
21216,1
21217,8
21218,6
21220,4
21221,2
21222,1
21223,3
21224,16
21225,4
21226,5
21227,5
21228,6
21229,1
21230,47
21231,14
21234,4
21235,4
21236,16
21237,3
21239,6
21240,8
21244,8
21247,1
21250,3
21286,4
21291,1
21324,1
21401,28
21402,6
21403,8
21409,6
21502,6
21530,1
21531,3
21532,4
21536,2
21539,1
21541,6
21550,3
21562,1
21601,3
21610,1
21613,6
21617,3
21619,1
21620,6
21622,1
21629,3
21632,2
21635,1
21638,3
21643,2
21654,3
21658,1
21659,1
21663,5
21666,2
21673,1
21679,2
21701,6
21702,8
21703,2
21704,7
21713,1
21722,2
21723,1
21727,1
21740,15
21742,2
21750,4
21754,9
21756,2
21766,1
21769,1
21770,1
21771,7
21773,4
21774,1
21776,1
21777,1
21778,1
21780,1
21782,1
21783,2
21784,6
21787,2
21788,3
21801,18
21804,2
21817,1
21841,1
21842,14
21851,2
21853,1
21863,4
21864,1
21869,3
21871,2
21901,2
21903,1
21904,1
21911,1
21921,1
21930,1
22003,4
22012,2
22015,1
22025,1
22030,23
22031,11
22032,1
22033,5
22035,6
22041,4
22042,7
22043,3
22044,3
22046,6
22079,3
22101,1
22102,69
22107,2
22134,1
22150,12
22151,2
22152,1
22153,2
22180,4
22182,16
22191,6
22192,12
22193,2
22201,26
22202,31
22203,10
22204,5
22206,4
22207,4
22209,20
22301,2
22302,2
22303,3
22304,6
22305,4
22306,5
22309,2
22310,10
22311,6
22312,2
22314,20
22315,6
22401,8
22404,1
22405,1
22406,1
22407,5
22408,2
22443,1
22448,1
22480,1
22482,1
22485,3
22539,1
22553,1
22554,3
22556,1
22560,2
22580,2
22601,3
22602,6
22603,4
22611,1
22620,1
22630,5
22655,1
22657,2
22664,4
22682,1
22701,1
22707,1
22712,1
22719,1
22735,1
22740,1
22747,2
22801,10
22802,6
22812,2
22835,4
22840,1
22842,1
22844,1
22845,1
22851,1
22901,9
22902,16
22903,10
22911,7
22920,2
22932,1
22942,1
22947,4
22957,3
22963,1
22980,3
23005,6
23043,1
23059,4
23060,3
23063,1
23093,2
23103,1
23111,3
23112,1
23113,9
23124,1
23173,5
23185,17
23188,5
23219,10
23220,10
23221,3
23223,1
23224,15
23225,1
23226,3
23227,2
23228,4
23229,2
23230,32
23231,5
23233,11
23234,1
23235,4
23236,3
23238,9
23284,1
23294,5
23298,5
23301,1
23320,7
23321,3
23322,1
23323,3
23325,1
23336,2
23350,1
23417,1
23430,1
23435,5
23451,17
23452,7
23454,5
23455,1
23456,1
23462,7
23464,2
23502,9
23504,1
23507,2
23508,5
23510,16
23517,1
23518,6
23601,3
23602,6
23606,19
23608,5
23666,7
23669,1
23690,3
23692,1
23693,1
23703,7
23704,2
23805,2
23824,1
23831,3
23832,1
23834,2
23836,1
23847,1
23851,1
23860,2
23875,1
23876,1
23882,1
23901,4
23950,1
24011,1
24012,1
24014,3
24015,1
24016,7
24018,2
24019,3
24060,18
24073,10
24090,1
24091,3
24120,1
24134,1
24141,1
24148,1
24151,1
24153,5
24175,1
24202,2
24210,2
24219,1
24236,3
24301,1
24311,1
24354,1
24382,4
24401,9
24402,1
24422,1
24426,2
24445,1
24450,6
24472,2
24483,1
24501,3
24502,4
24504,2
24517,1
24520,1
24523,3
24540,4
24541,1
24551,1
24572,1
24592,3
24701,2
24740,1
24915,1
24970,1
24986,6
25033,5
25177,1
25230,1
25271,1
25301,1
25303,6
25309,3
25311,2
25401,4
25411,5
25414,2
25424,1
25425,1
25443,3
25446,1
25504,2
25526,3
25601,2
25703,1
25704,1
25705,2
25755,1
25801,2
25812,2
25840,1
25880,1
25882,2
25951,1
25979,2
26003,1
26059,5
26101,4
26102,1
26104,1
26150,1
26187,2
26201,1
26260,5
26301,1
26330,2
26354,1
26431,1
26447,2
26452,1
26501,8
26505,2
26508,3
26554,1
26601,2
26757,1
26836,3
26855,1
27012,1
27017,5
27020,1
27021,1
27025,1
27028,3
27030,3
27041,1
27055,2
27101,3
27103,5
27104,1
27105,2
27106,4
27109,3
27127,3
27203,4
27205,7
27215,7
27235,1
27244,1
27253,3
27258,2
27260,2
27262,3
27263,4
27265,3
27278,9
27282,1
27284,2
27292,9
27295,1
27301,1
27302,7
27312,4
27320,1
27325,1
27330,3
27332,2
27344,3
27356,1
27360,4
27371,1
27377,2
27401,5
27403,3
27405,5
27406,3
27407,12
27408,1
27409,4
27410,3
27501,1
27502,2
27504,3
27510,3
27511,19
27513,13
27514,9
27516,10
27517,4
27518,3
27519,7
27526,3
27529,3
27530,1
27534,3
27536,4
27540,5
27545,2
27546,1
27549,4
27559,1
27560,9
27565,1
27571,1
27573,1
27576,1
27577,2
27587,9
27589,1
27601,11
27603,11
27604,2
27605,2
27606,10
27607,18
27609,18
27610,5
27612,9
27614,1
27615,3
27616,12
27617,4
27701,27
27703,3
27704,4
27705,6
27707,6
27708,9
27709,1
27710,1
27711,1
27712,3
27713,11
27803,1
27804,6
27805,1
27823,1
27834,9
27839,3
27845,1
27850,3
27856,1
27858,7
27869,1
27870,6
27874,1
27886,1
27889,2
27893,10
27896,3
27909,7
27915,1
27920,1
27927,1
27932,1
27948,3
27949,5
27953,1
27954,2
27959,1
27962,1
27964,1
27966,1
27983,1
28001,2
28012,3
28016,1
28025,3
28026,1
28027,15
28031,1
28032,1
28034,1
28036,5
28043,1
28052,9
28054,4
28056,1
28075,1
28078,6
28081,1
28083,1
28091,1
28092,1
28098,1
28103,1
28104,1
28105,3
28110,9
28112,2
28115,3
28117,4
28120,1
28144,1
28146,1
28147,5
28150,4
28152,1
28160,1
28166,1
28173,1
28202,36
28203,20
28204,11
28205,6
28206,13
28208,21
28209,5
28210,2
28211,5
28212,1
28213,3
28214,2
28215,1
28216,8
28217,9
28223,5
28226,1
28227,3
28262,8
28269,3
28273,13
28275,1
28277,15
28278,4
28280,1
28301,9
28303,3
28304,4
28312,1
28314,5
28328,1
28333,1
28334,1
28337,1
28338,1
28347,1
28348,1
28358,3
28366,1
28372,2
28374,6
28376,2
28379,2
28387,4
28398,2
28401,9
28403,4
28405,6
28412,1
28425,2
28429,1
28438,1
28443,1
28451,2
28458,1
28460,1
28461,1
28462,1
28465,3
28466,2
28467,1
28468,1
28469,1
28470,1
28480,1
28501,3
28504,3
28516,4
28540,1
28546,5
28547,2
28557,1
28560,6
28562,5
28571,2
28580,1
28584,2
28590,1
28594,1
28602,2
28604,4
28605,7
28607,16
28608,1
28613,1
28621,6
28625,5
28630,1
28645,4
28646,2
28650,1
28658,1
28675,1
28677,4
28679,1
28694,2
28697,5
28701,1
28704,6
28705,1
28711,1
28712,3
28714,1
28715,1
28717,1
28719,5
28721,1
28723,2
28731,4
28732,7
28734,4
28739,2
28741,4
28743,1
28746,1
28751,3
28752,1
28754,1
28757,1
28759,2
28762,1
28771,3
28773,2
28779,1
28782,1
28785,3
28786,2
28787,5
28792,5
28801,11
28803,11
28804,5
28805,7
28806,11
28906,1
29016,1
29020,1
29033,2
29063,1
29072,4
29073,1
29078,1
29108,1
29118,3
29127,2
29142,2
29148,1
29150,9
29154,1
29169,2
29172,1
29201,14
29202,1
29203,5
29205,1
29206,2
29209,1
29210,5
29212,7
29223,6
29229,1
29302,1
29303,3
29306,8
29316,1
29334,1
29356,1
29360,1
29364,1
29379,3
29401,7
29403,5
29405,14
29406,4
29407,18
29418,11
29420,3
29435,1
29438,3
29445,2
29451,1
29455,3
29456,5
29464,6
29472,1
29477,2
29483,3
29485,1
29486,11
29488,6
29492,2
29501,9
29506,2
29526,4
29547,1
29550,2
29565,2
29566,2
29572,12
29574,1
29575,3
29576,1
29577,8
29579,7
29582,4
29585,3
29592,1
29601,18
29605,2
29607,17
29609,1
29611,1
29613,2
29615,3
29620,1
29621,1
29624,6
29631,4
29634,1
29640,1
29643,1
29644,1
29646,1
29649,1
29650,1
29651,25
29671,1
29673,2
29676,1
29678,5
29680,1
29690,2
29693,2
29707,3
29708,2
29710,1
29714,1
29728,1
29729,1
29730,11
29732,3
29745,1
29801,2
29805,1
29842,1
29902,1
29906,1
29907,1
29909,1
29910,6
29926,5
29927,4
29928,14
29945,1
30002,1
30004,15
30005,12
30009,29
30012,1
30013,1
30014,11
30017,2
30019,3
30021,1
30022,11
30024,7
30025,1
30030,11
30032,6
30033,9
30034,1
30035,1
30038,5
30039,3
30040,3
30041,8
30043,21
30044,3
30045,2
30046,4
30047,1
30052,8
30054,1
30058,2
30060,15
30062,4
30064,3
30066,4
30067,7
30068,6
30071,4
30075,6
30076,21
30078,1
30080,9
30083,3
30084,6
30087,1
30088,1
30092,13
30093,1
30094,1
30096,14
30097,12
30101,3
30102,2
30103,4
30107,1
30110,2
30114,6
30115,5
30117,5
30120,2
30121,8
30122,7
30125,1
30126,2
30127,2
30132,2
30134,3
30135,12
30141,2
30143,1
30144,17
30148,1
30157,1
30161,3
30165,2
30168,2
30180,2
30183,3
30184,1
30188,8
30189,2
30213,3
30214,18
30223,2
30224,1
30236,3
30238,1
30240,2
30241,3
30248,9
30253,13
30260,3
30263,6
30265,4
30268,2
30269,8
30274,3
30277,1
30281,2
30290,1
30291,6
30294,3
30295,1
30297,3
30303,44
30305,31
30306,3
30307,8
30308,50
30309,55
30310,6
30311,4
30312,10
30313,18
30315,9
30316,9
30317,2
30318,33
30319,16
30320,18
30322,11
30324,12
30326,42
30327,4
30328,38
30329,31
30331,5
30334,2
30336,2
30337,39
30338,4
30339,63
30340,4
30341,10
30342,24
30344,6
30345,6
30346,24
30350,5
30354,60
30360,1
30361,1
30363,11
30366,1
30436,1
30439,3
30442,1
30453,2
30458,4
30474,1
30501,5
30504,5
30510,2
30512,2
30513,2
30517,9
30518,1
30519,16
30523,1
30525,3
30528,4
30529,5
30531,5
30533,6
30534,6
30537,1
30539,1
30540,2
30542,3
30545,2
30549,1
30553,2
30560,1
30566,1
30568,2
30571,2
30576,1
30577,1
30582,1
30597,1
30601,5
30602,1
30605,7
30606,10
30620,1
30631,1
30635,2
30642,4
30650,3
30655,1
30667,1
30677,1
30701,2
30720,2
30721,2
30736,4
30750,2
30752,2
30809,2
30813,2
30815,1
30824,1
30901,3
30904,2
30907,8
30909,3
31014,1
31015,4
31021,6
31024,1
31029,4
31030,1
31032,1
31061,4
31069,2
31076,1
31082,2
31088,5
31093,2
31201,4
31204,2
31206,1
31210,8
31305,5
31313,5
31314,5
31315,6
31320,1
31322,9
31324,5
31328,2
31331,1
31401,18
31404,1
31405,4
31406,3
31407,1
31408,6
31409,1
31415,1
31419,4
31421,1
31516,1
31520,2
31522,3
31524,13
31525,9
31527,6
31533,1
31545,1
31548,4
31558,1
31561,1
31601,10
31602,2
31605,1
31632,1
31634,2
31701,1
31705,3
31707,2
31709,2
31714,1
31721,1
31763,4
31780,1
31792,1
31793,1
31794,8
31820,1
31833,1
31901,2
31904,9
31905,22
31907,3
31909,10
32003,2
32024,6
32025,7
32034,10
32052,2
32055,4
32060,1
32068,2
32073,1
32080,5
32081,1
32082,1
32084,13
32086,1
32092,3
32095,3
32097,7
32114,17
32117,11
32118,11
32124,3
32127,1
32128,1
32136,1
32137,2
32141,3
32159,2
32162,1
32164,7
32168,2
32169,1
32174,7
32176,1
32177,4
32202,14
32204,8
32205,2
32207,1
32210,2
32214,1
32216,7
32218,11
32219,2
32221,4
32224,4
32225,6
32244,5
32246,9
32250,2
32256,13
32258,3
32259,2
32266,1
32301,10
32303,1
32304,4
32308,1
32309,1
32310,7
32312,1
32317,1
32320,7
32327,4
32328,2
32336,1
32340,1
32344,4
32347,4
32348,2
32399,3
32404,2
32405,4
32407,3
32408,4
32413,3
32428,1
32433,1
32435,1
32439,1
32446,1
32448,2
32459,2
32461,2
32502,1
32504,3
32505,3
32506,2
32507,2
32514,1
32526,2
32528,1
32536,2
32541,6
32547,5
32548,6
32550,5
32561,5
32566,3
32569,1
32578,2
32583,1
32601,13
32603,9
32605,1
32606,2
32608,8
32609,10
32611,8
32615,1
32626,2
32701,5
32703,6
32707,3
32708,4
32712,2
32713,1
32720,4
32723,2
32724,1
32725,7
32726,3
32746,11
32750,3
32751,6
32757,3
32763,1
32765,9
32771,15
32773,7
32778,5
32779,2
32780,17
32789,19
32792,3
32801,32
32803,9
32804,3
32805,4
32806,5
32807,4
32808,3
32809,5
32810,5
32811,5
32812,2
32816,2
32819,46
32821,27
32822,2
32824,1
32826,8
32827,13
32828,8
32830,12
32832,1
32835,3
32836,10
32837,12
32839,9
32899,1
32901,27
32903,1
32904,5
32905,2
32907,5
32909,1
32919,1
32920,2
32922,3
32926,4
32927,2
32931,6
32934,4
32935,4
32937,2
32940,11
32951,3
32953,20
32955,8
32958,1
32960,1
32962,1
32963,2
32966,4
33004,4
33009,15
33012,1
33014,10
33015,3
33016,1
33018,1
33019,10
33020,6
33023,3
33024,5
33025,9
33026,1
33027,7
33028,1
33030,1
33032,1
33033,1
33034,7
33036,6
33037,3
33040,19
33042,1
33043,1
33050,3
33055,1
33060,3
33062,16
33063,3
33064,2
33066,3
33067,1
33069,3
33071,3
33073,5
33076,1
33122,5
33125,13
33126,11
33127,10
33128,7
33129,6
33130,7
33131,36
33132,19
33133,13
33134,23
33135,2
33136,15
33137,22
33138,5
33139,30
33140,7
33141,3
33142,4
33143,5
33144,1
33145,2
33146,34
33147,1
33149,2
33150,1
33154,11
33155,5
33156,12
33157,6
33160,19
33161,1
33162,1
33165,2
33166,23
33168,1
33169,1
33172,15
33174,1
33175,1
33176,12
33178,15
33180,29
33181,7
33182,1
33183,1
33184,6
33186,3
33189,2
33194,1
33199,6
33301,34
33304,12
33305,3
33308,3
33309,25
33311,5
33312,7
33313,2
33314,13
33315,2
33316,7
33317,5
33321,2
33323,3
33324,7
33325,6
33326,1
33328,4
33331,9
33332,2
33334,1
33351,3
33388,1
33401,34
33403,4
33404,12
33406,3
33407,13
33408,3
33409,2
33410,12
33411,7
33412,1
33413,1
33414,5
33415,1
33418,14
33426,6
33431,21
33432,19
33434,1
33435,11
33436,2
33441,11
33442,3
33444,15
33445,1
33446,4
33453,1
33455,3
33458,7
33460,6
33461,1
33462,3
33463,1
33467,4
33470,4
33477,2
33480,6
33483,7
33486,4
33487,9
33493,5
33496,1
33505,1
33511,2
33513,1
33523,1
33525,3
33542,5
33543,1
33544,2
33556,2
33558,1
33559,5
33563,4
33565,1
33566,3
33569,9
33572,1
33578,5
33579,1
33584,2
33592,1
33596,1
33602,63
33605,5
33606,3
33607,21
33609,5
33610,2
33611,1
33612,5
33613,3
33614,2
33615,1
33617,1
33618,1
33619,16
33620,11
33624,2
33625,1
33626,1
33634,4
33637,2
33647,8
33701,47
33705,8
33706,19
33707,2
33708,2
33710,3
33711,2
33712,1
33713,1
33714,1
33715,2
33716,1
33755,2
33756,1
33759,1
33760,4
33761,4
33763,7
33764,2
33767,9
33768,1
33770,4
33771,3
33774,4
33777,2
33781,2
33782,1
33785,4
33801,1
33803,2
33805,3
33809,3
33810,1
33813,1
33815,2
33825,3
33830,1
33834,1
33844,2
33853,4
33859,1
33870,11
33873,1
33881,1
33884,2
33896,9
33897,9
33901,6
33904,1
33905,4
33908,4
33909,1
33912,1
33913,5
33914,1
33916,1
33924,1
33928,4
33931,4
33935,5
33948,1
33950,1
33957,2
33965,6
33966,18
33967,1
33980,1
33983,1
33991,3
34102,8
34103,3
34104,6
34108,4
34109,9
34110,6
34114,4
34117,2
34119,3
34134,6
34135,1
34141,2
34145,3
34201,1
34202,5
34203,7
34205,9
34207,3
34208,2
34209,1
34210,3
34217,7
34221,3
34222,2
34223,4
34224,1
34228,1
34231,3
34232,3
34233,13
34234,4
34236,28
34237,2
34238,9
34239,1
34240,7
34241,1
34243,14
34266,2
34275,2
34285,8
34286,1
34287,1
34289,1
34292,6
34293,3
34429,6
34432,1
34448,1
34450,7
34464,1
34471,2
34474,5
34475,1
34484,1
34602,2
34609,1
34638,1
34652,9
34653,1
34654,3
34668,2
34677,5
34683,3
34684,1
34689,6
34691,2
34695,1
34698,11
34711,14
34714,4
34715,1
34737,1
34741,25
34743,1
34744,19
34746,16
34747,24
34748,1
34756,2
34759,2
34760,3
34761,2
34769,6
34773,2
34785,5
34786,1
34787,5
34788,2
34947,3
34950,1
34951,2
34953,2
34956,1
34957,8
34972,16
34982,8
34984,2
34986,4
34987,2
34990,1
34994,3
34997,4
35004,1
35007,1
35010,3
35022,5
35046,1
35055,2
35058,4
35094,6
35125,1
35150,1
35203,10
35205,2
35209,1
35210,3
35212,1
35215,1
35216,4
35223,2
35233,4
35235,4
35243,4
35244,1
35254,1
35345,1
35401,3
35404,2
35405,8
35406,2
35443,2
35453,1
35476,1
35490,1
35501,1
35601,4
35603,1
35611,1
35613,3
35630,1
35632,2
35640,1
35756,1
35757,2
35758,1
35763,1
35768,1
35773,1
35801,4
35805,3
35806,13
35808,2
35810,6
35816,2
35901,1
35904,1
35950,1
35957,2
35967,2
35976,1
35987,1
36009,1
36027,1
36037,2
36064,1
36066,6
36104,2
36106,1
36117,10
36203,7
36264,1
36272,1
36301,3
36303,3
36305,1
36330,1
36340,1
36360,2
36362,1
36401,1
36420,2
36426,1
36526,7
36527,1
36532,5
36535,6
36542,2
36548,1
36561,5
36564,2
36567,1
36571,1
36602,11
36603,1
36604,1
36606,6
36608,7
36609,1
36801,8
36830,5
36832,5
36849,2
36867,3
37013,5
37015,1
37027,26
37029,2
37030,1
37040,8
37043,1
37055,4
37064,5
37066,4
37067,19
37072,2
37075,2
37076,1
37083,1
37090,2
37096,1
37110,2
37115,4
37122,3
37128,5
37129,18
37130,4
37160,1
37166,1
37167,10
37172,2
37174,4
37186,1
37201,11
37203,81
37204,5
37205,3
37206,2
37208,4
37209,8
37210,18
37211,5
37212,11
37213,1
37214,30
37215,3
37217,3
37219,9
37220,2
37221,8
37228,5
37312,1
37317,3
37326,1
37331,1
37334,1
37343,2
37347,1
37355,4
37357,1
37363,9
37365,2
37367,2
37380,1
37388,2
37398,1
37402,14
37403,4
37404,2
37405,5
37406,2
37408,5
37409,2
37410,1
37419,1
37421,15
37601,6
37604,2
37615,2
37617,2
37620,6
37643,1
37650,1
37659,1
37660,3
37663,2
37664,1
37701,6
37708,2
37737,1
37738,3
37743,2
37745,2
37762,2
37764,7
37766,1
37771,3
37801,2
37813,1
37814,1
37820,2
37821,1
37830,4
37849,1
37857,1
37862,9
37863,21
37869,1
37876,1
37882,1
37886,2
37887,1
37902,5
37903,1
37909,2
37912,3
37914,1
37915,1
37916,3
37917,3
37919,6
37920,6
37921,1
37922,8
37923,5
37932,5
37934,1
38014,1
38016,2
38017,2
38024,1
38103,9
38115,1
38116,1
38117,1
38119,2
38125,1
38128,1
38133,9
38134,1
38138,2
38237,3
38242,6
38305,5
38326,2
38363,1
38372,2
38401,7
38464,1
38501,3
38506,3
38544,1
38549,1
38555,2
38556,1
38564,1
38570,1
38571,2
38583,1
38585,3
38606,2
38632,2
38652,2
38654,1
38655,3
38664,2
38671,6
38677,5
38703,1
38804,5
38834,2
38901,2
38930,1
38967,2
39042,1
39120,2
39157,6
39180,3
39201,1
39202,2
39204,1
39206,1
39208,1
39211,2
39301,5
39401,1
39402,4
39466,1
39501,2
39503,4
39530,7
39531,1
39540,2
39556,2
39567,1
39601,1
39648,1
39701,4
39702,1
39759,8
40004,5
40014,1
40033,1
40037,2
40047,2
40059,2
40110,1
40118,1
40160,1
40165,4
40202,11
40203,10
40204,4
40205,6
40206,4
40207,3
40208,3
40209,4
40211,1
40212,3
40213,2
40214,1
40216,3
40218,2
40220,1
40222,3
40223,3
40229,2
40241,5
40243,1
40245,1
40299,8
40324,4
40330,1
40347,1
40351,2
40353,1
40383,2
40390,1
40391,2
40403,7
40422,3
40456,1
40475,6
40484,1
40502,1
40503,3
40504,1
40505,3
40507,2
40508,1
40509,4
40511,2
40517,1
40601,5
40701,2
40712,1
40741,4
40769,1
40832,1
41011,3
41018,3
41035,1
41042,3
41048,8
41071,1
41076,4
41099,1
41101,1
41164,1
41240,1
41301,1
41472,1
41501,2
42001,3
42003,1
42045,2
42055,1
42066,1
42071,2
42101,7
42103,1
42104,3
42134,1
42141,1
42240,3
42262,1
42320,3
42345,1
42367,1
42445,1
42501,2
42701,8
42754,1
42757,1
43004,1
43014,1
43015,5
43016,15
43017,22
43022,5
43023,4
43025,1
43026,9
43031,1
43035,4
43040,4
43050,1
43054,16
43055,6
43056,3
43062,3
43064,3
43065,7
43067,7
43068,4
43074,4
43078,1
43081,6
43082,7
43085,5
43110,3
43112,1
43113,2
43123,12
43125,1
43128,1
43130,8
43137,1
43138,6
43140,2
43147,4
43149,1
43160,1
43162,1
43201,6
43202,3
43205,2
43206,2
43209,4
43210,14
43212,22
43213,8
43214,6
43215,69
43217,1
43219,32
43220,3
43221,7
43222,2
43224,3
43227,1
43228,12
43229,5
43230,22
43231,1
43232,2
43235,10
43240,18
43302,9
43311,2
43319,1
43338,1
43348,5
43351,1
43357,2
43402,6
43403,3
43410,4
43416,1
43420,3
43430,5
43449,1
43452,3
43502,2
43504,1
43512,1
43528,1
43537,5
43545,1
43551,4
43560,3
43570,2
43604,8
43606,7
43607,1
43612,2
43615,3
43617,3
43619,1
43701,5
43725,5
43762,2
43767,1
43783,1
43812,3
43821,1
43845,1
43920,1
43950,1
43988,1
44010,1
44011,2
44017,1
44021,1
44024,2
44035,1
44041,2
44044,1
44054,3
44056,1
44057,2
44060,10
44062,1
44067,3
44070,2
44074,11
44084,2
44087,5
44092,4
44094,1
44103,6
44106,7
44107,8
44109,2
44110,1
44113,7
44114,4
44115,2
44116,2
44120,6
44121,1
44122,6
44123,2
44124,5
44125,2
44128,2
44129,1
44130,3
44131,1
44133,1
44134,1
44136,3
44139,4
44140,2
44143,7
44144,1
44145,4
44146,10
44195,1
44202,3
44221,2
44223,2
44224,3
44236,4
44240,4
44241,4
44242,3
44243,2
44256,4
44262,1
44264,1
44270,1
44275,1
44281,1
44301,1
44303,1
44305,2
44307,4
44308,8
44311,1
44312,1
44313,2
44320,2
44321,1
44333,4
44408,2
44420,2
44432,1
44451,1
44460,1
44481,1
44483,2
44484,3
44502,3
44503,1
44504,1
44512,4
44515,2
44618,1
44620,2
44622,1
44646,2
44654,2
44656,1
44685,4
44691,10
44702,7
44703,1
44706,1
44709,1
44718,1
44720,9
44721,5
44805,2
44807,2
44813,2
44820,2
44830,2
44839,3
44846,3
44857,3
44870,5
44875,2
44883,7
44890,1
44903,1
44906,1
45003,1
45005,3
45011,5
45013,1
45014,5
45036,8
45039,2
45040,5
45044,1
45050,2
45056,12
45066,5
45068,1
45069,8
45103,1
45107,1
45133,2
45140,1
45150,2
45176,2
45177,4
45202,26
45203,1
45204,1
45206,1
45208,2
45209,6
45211,3
45212,3
45214,1
45215,2
45219,3
45220,4
45223,3
45227,5
45229,1
45231,3
45232,1
45236,7
45238,1
45240,3
45241,5
45242,12
45243,1
45246,4
45247,1
45248,1
45249,6
45251,4
45255,1
45314,2
45315,2
45323,1
45324,7
45334,1
45342,4
45356,2
45371,3
45373,6
45377,2
45380,4
45385,2
45387,2
45401,1
45402,7
45404,1
45405,1
45409,5
45414,4
45415,1
45417,2
45419,2
45420,6
45424,4
45426,3
45429,1
45431,5
45432,2
45434,1
45435,2
45449,2
45458,3
45459,15
45469,3
45502,1
45504,1
45601,7
45631,2
45654,1
45662,3
45693,1
45701,16
45714,1
45750,3
45764,3
45769,1
45771,1
45780,1
45801,1
45804,6
45805,3
45807,2
45810,6
45822,2
45833,2
45840,6
45860,1
45869,1
45883,1
45885,2
45891,2
45895,2
46013,1
46032,12
46033,2
46037,3
46038,11
46052,2
46055,2
46060,5
46074,3
46075,1
46077,2
46123,2
46124,2
46135,1
46140,4
46142,2
46143,2
46151,1
46168,3
46173,3
46176,3
46203,3
46204,15
46217,1
46219,2
46224,1
46225,2
46227,2
46237,1
46240,15
46241,7
46250,2
46254,6
46256,1
46268,1
46303,2
46304,3
46307,1
46311,1
46319,2
46320,1
46321,1
46322,4
46342,1
46360,5
46368,6
46371,4
46375,3
46383,5
46385,1
46394,1
46403,2
46405,1
46410,4
46511,1
46514,4
46526,2
46528,1
46538,1
46540,1
46544,1
46545,10
46563,4
46580,3
46582,2
46601,2
46614,2
46616,1
46617,2
46637,2
46701,1
46703,6
46706,2
46711,1
46714,1
46725,1
46738,1
46746,2
46750,1
46763,1
46767,2
46777,1
46783,2
46792,1
46802,8
46803,3
46804,8
46806,2
46807,2
46808,2
46809,2
46818,5
46825,2
46901,1
46914,1
46928,1
46933,1
46947,1
46953,2
46992,5
47011,1
47106,1
47111,1
47112,1
47129,2
47130,3
47146,1
47150,3
47201,5
47240,9
47250,2
47303,1
47304,1
47330,1
47362,1
47401,4
47404,5
47408,2
47421,1
47432,1
47441,2
47446,1
47448,2
47460,1
47469,1
47501,1
47542,1
47546,4
47577,1
47579,2
47586,1
47591,2
47620,1
47630,2
47639,1
47674,1
47708,3
47711,1
47713,1
47715,5
47802,2
47803,1
47901,1
47904,1
47905,14
47906,4
47907,4
47932,2
47933,2
47943,3
47951,1
47959,1
47960,1
47987,1
48009,3
48021,2
48025,1
48034,2
48035,2
48036,1
48038,2
48043,2
48044,1
48051,1
48054,1
48060,7
48065,2
48066,3
48067,8
48071,3
48073,2
48075,1
48080,2
48081,1
48083,6
48084,6
48085,1
48088,3
48089,2
48092,4
48098,4
48101,4
48103,10
48104,55
48105,6
48108,12
48109,3
48111,3
48114,2
48116,1
48117,1
48118,5
48120,2
48124,6
48126,2
48128,2
48130,2
48131,3
48134,1
48135,2
48150,7
48152,2
48161,2
48162,1
48164,2
48165,2
48167,4
48169,1
48170,5
48174,7
48176,4
48178,1
48180,2
48183,3
48187,3
48188,1
48189,3
48195,1
48197,4
48201,5
48202,23
48203,2
48207,7
48208,2
48214,1
48216,7
48219,1
48220,4
48221,1
48224,1
48226,57
48236,2
48237,3
48239,3
48242,4
48243,3
48301,1
48302,3
48303,1
48304,1
48307,4
48309,5
48313,3
48315,2
48317,1
48322,4
48323,1
48324,2
48326,22
48327,1
48328,3
48329,2
48331,3
48334,4
48335,5
48336,2
48340,3
48341,5
48342,1
48346,1
48348,7
48356,1
48359,1
48360,1
48374,2
48375,6
48377,6
48381,3
48382,2
48390,5
48393,5
48413,2
48414,1
48415,2
48423,1
48427,2
48429,1
48430,2
48439,7
48442,2
48453,2
48457,1
48461,1
48467,1
48471,2
48473,1
48503,1
48505,1
48506,1
48507,2
48532,1
48602,5
48603,1
48604,2
48607,4
48617,5
48623,1
48624,1
48626,1
48629,4
48631,2
48639,1
48640,5
48642,3
48653,1
48657,1
48661,3
48662,1
48706,7
48708,2
48730,1
48734,2
48740,1
48750,1
48755,1
48763,3
48801,3
48811,2
48813,3
48820,3
48823,9
48824,6
48825,1
48842,3
48843,3
48846,2
48855,2
48858,10
48864,8
48867,4
48872,2
48875,1
48879,1
48906,6
48911,3
48912,5
48917,7
48933,7
49001,1
49002,14
49006,6
49007,8
49008,7
49009,11
49010,1
49014,8
49017,1
49022,10
49024,1
49031,2
49036,3
49037,4
49047,1
49048,2
49053,2
49058,2
49068,12
49071,1
49078,1
49083,1
49085,1
49087,1
49090,4
49091,1
49106,1
49107,1
49117,5
49120,3
49128,2
49148,1
49201,11
49202,2
49203,1
49221,1
49224,2
49250,2
49267,1
49301,3
49304,1
49307,4
49310,1
49315,4
49316,1
49321,1
49329,3
49331,2
49333,1
49337,1
49346,1
49348,4
49401,3
49404,1
49406,1
49412,1
49417,2
49418,12
49419,1
49420,2
49423,17
49424,7
49426,2
49428,2
49431,6
49437,3
49440,3
49441,2
49444,6
49446,1
49453,3
49454,4
49456,2
49461,4
49464,17
49503,12
49504,4
49505,2
49506,1
49507,1
49508,1
49509,1
49512,13
49519,2
49525,6
49544,8
49546,2
49548,4
49601,7
49610,2
49615,1
49622,1
49625,1
49627,2
49629,2
49631,1
49633,2
49635,3
49636,1
49637,1
49643,1
49646,2
49660,6
49670,1
49675,1
49676,1
49677,1
49682,2
49683,4
49684,13
49685,2
49686,6
49690,1
49701,9
49706,1
49709,1
49712,1
49713,1
49715,1
49720,4
49721,3
49735,7
49738,3
49740,2
49746,1
49749,2
49756,1
49759,1
49762,1
49765,1
49770,6
49777,1
49779,3
49781,3
49783,5
49796,1
49797,2
49826,1
49829,2
49855,5
49870,1
49913,1
49918,1
49925,1
49931,4
49935,1
49938,2
49946,1
50003,1
50009,8
50010,6
50011,2
50014,3
50021,4
50023,2
50033,1
50054,1
50058,1
50061,1
50069,1
50071,1
50111,3
50112,1
50125,2
50129,3
50131,2
50138,1
50140,1
50158,2
50208,2
50211,1
50219,1
50226,1
50263,4
50265,1
50266,6
50273,1
50309,29
50311,2
50313,2
50315,2
50317,2
50321,2
50322,8
50323,1
50325,3
50401,4
50428,1
50436,1
50441,1
50459,3
50461,1
50501,3
50511,2
50535,1
50536,1
50613,5
50616,3
50620,1
50643,1
50677,2
50701,1
50702,4
51012,1
51025,1
51031,2
51041,1
51101,1
51104,1
51106,3
51111,1
51201,1
51246,1
51247,1
51334,1
51401,2
51501,4
51521,1
51531,1
51570,1
51632,1
52001,5
52002,2
52003,2
52043,1
52052,2
52057,2
52060,1
52076,1
52101,3
52136,2
52157,1
52158,1
52162,1
52175,1
52203,1
52213,1
52233,1
52236,1
52240,10
52241,14
52242,1
52245,6
52246,5
52314,3
52353,1
52358,1
52361,1
52401,4
52402,7
52404,6
52498,1
52531,1
52544,2
52556,3
52565,1
52571,1
52577,1
52601,4
52627,4
52641,4
52655,3
52722,1
52732,2
52761,4
52773,3
52801,1
52803,2
52804,1
52806,4
52807,5
53005,1
53012,1
53027,2
53038,2
53045,2
53050,1
53051,8
53073,1
53081,3
53092,2
53095,1
53097,1
53104,3
53115,1
53120,1
53121,1
53125,1
53130,1
53140,1
53142,2
53144,4
53147,2
53151,1
53154,7
53158,5
53177,11
53186,4
53190,2
53191,2
53202,12
53203,6
53204,3
53207,4
53208,2
53209,4
53211,6
53212,7
53214,2
53215,1
53217,7
53221,3
53222,2
53223,1
53224,3
53225,1
53227,1
53228,1
53233,7
53290,1
53403,1
53522,1
53527,2
53528,1
53532,2
53536,1
53538,1
53545,5
53546,1
53551,1
53555,1
53562,6
53570,1
53575,1
53578,3
53581,2
53590,3
53593,3
53597,2
53598,1
53662,1
53703,24
53704,16
53705,5
53706,8
53711,7
53713,8
53714,1
53715,5
53716,9
53718,6
53719,9
53788,1
53792,3
53809,1
53813,1
53818,3
53901,1
53913,2
53916,1
53925,1
53948,1
53959,1
53963,2
53965,5
54001,1
54002,2
54011,1
54015,1
54016,3
54017,1
54024,1
54112,1
54114,1
54115,1
54121,2
54129,1
54130,4
54143,2
54166,4
54180,1
54202,2
54209,3
54210,1
54211,4
54212,2
54220,3
54234,2
54235,8
54301,1
54302,2
54303,1
54304,7
54311,2
54313,2
54401,3
54409,1
54423,3
54449,6
54452,2
54473,1
54481,3
54501,1
54548,1
54555,1
54562,1
54601,11
54603,1
54619,2
54636,2
54639,2
54650,4
54656,3
54660,3
54665,1
54667,1
54669,1
54701,9
54703,3
54720,2
54742,2
54745,1
54751,3
54812,1
54814,2
54817,1
54821,1
54837,1
54848,1
54891,1
54901,1
54904,2
54911,2
54913,4
54914,2
54929,2
54935,3
54937,2
54941,1
54952,1
54956,3
55008,1
55009,1
55016,3
55021,1
55024,1
55025,1
55033,3
55037,2
55040,2
55042,2
55044,6
55051,1
55057,8
55060,3
55063,1
55066,2
55068,1
55072,1
55075,2
55077,5
55082,2
55084,1
55101,10
55102,14
55103,1
55104,10
55105,2
55108,1
55109,5
55110,3
55111,2
55112,1
55113,9
55114,2
55117,2
55118,1
55119,22
55121,4
55122,2
55123,3
55124,1
55125,2
55126,3
55127,3
55128,3
55129,1
55130,3
55144,4
55155,3
55301,1
55302,1
55303,2
55304,1
55305,7
55306,4
55311,2
55316,1
55320,1
55330,4
55331,1
55336,1
55337,5
55343,1
55344,6
55345,6
55346,1
55347,2
55350,2
55352,1
55355,2
55362,1
55369,14
55371,1
55372,6
55378,2
55379,3
55391,4
55401,10
55402,13
55403,13
55404,1
55405,1
55406,1
55411,2
55413,7
55414,3
55415,11
55416,14
55417,1
55418,1
55419,1
55420,2
55421,1
55422,5
55423,2
55424,4
55425,7
55426,10
55427,3
55428,2
55429,3
55430,2
55431,4
55432,4
55433,2
55434,1
55435,7
55436,2
55437,10
55438,2
55439,2
55442,3
55445,11
55447,13
55449,2
55450,2
55454,2
55455,8
55487,1
55604,2
55606,2
55612,2
55615,1
55616,5
55718,1
55719,2
55723,2
55731,1
55744,2
55767,2
55792,2
55802,4
55805,2
55806,1
55811,2
55812,2
55901,7
55902,5
55904,5
55912,4
55949,2
55960,1
55972,1
55976,1
55987,3
56001,11
56003,3
56007,5
56013,4
56031,1
56043,1
56071,1
56073,3
56082,1
56087,1
56156,2
56164,1
56171,1
56187,2
56201,1
56222,1
56258,1
56265,1
56267,4
56270,2
56277,1
56288,3
56301,1
56303,1
56304,1
56308,6
56313,1
56342,1
56345,1
56359,2
56401,3
56425,2
56441,1
56466,1
56470,1
56472,1
56474,2
56477,1
56479,1
56482,2
56484,1
56501,1
56537,2
56549,1
56560,1
56601,4
56633,1
56636,1
57005,1
57006,2
57032,1
57042,1
57069,2
57103,2
57104,3
57105,3
57106,3
57107,2
57108,2
57110,1
57201,1
57301,1
57350,1
57365,1
57401,3
57501,3
57559,2
57701,10
57702,6
57703,1
57719,2
57730,10
57732,3
57747,1
57751,3
57783,3
57790,2
58045,2
58071,1
58075,2
58078,6
58102,6
58103,6
58104,5
58201,8
58203,1
58237,1
58301,2
58318,2
58329,1
58368,1
58401,4
58405,2
58501,1
58503,6
58504,1
58523,3
58528,1
58531,1
58554,5
58571,1
58577,1
58601,4
58701,2
58703,1
58801,3
58854,1
59011,1
59020,1
59024,1
59030,3
59047,1
59068,2
59101,3
59102,4
59105,1
59106,1
59301,1
59330,2
59401,1
59404,4
59405,1
59411,1
59417,4
59434,1
59601,3
59602,2
59701,2
59714,1
59715,6
59716,3
59720,1
59724,1
59725,1
59739,1
59755,1
59758,3
59801,4
59802,1
59803,1
59808,5
59812,3
59823,1
59840,1
59854,1
59858,1
59860,1
59867,1
59868,1
59872,1
59901,6
59911,1
59913,1
59921,1
59922,1
59935,1
59937,9
60002,1
60004,5
60005,3
60007,4
60008,5
60010,21
60012,3
60014,2
60015,2
60016,5
60018,11
60020,1
60022,1
60025,4
60030,6
60031,1
60033,1
60035,8
60045,4
60046,1
60047,3
60048,19
60050,5
60051,3
60053,2
60056,7
60060,2
60061,7
60062,13
60067,3
60068,1
60069,2
60071,1
60074,3
60077,12
60083,1
60084,1
60085,2
60087,1
60089,8
60090,4
60093,7
60098,1
60101,1
60102,1
60106,2
60108,6
60110,1
60115,23
60118,2
60120,4
60123,12
60126,7
60130,1
60134,10
60137,6
60139,1
60142,1
60143,4
60148,21
60153,7
60154,1
60156,1
60160,2
60169,4
60171,2
60172,1
60173,15
60174,4
60175,2
60176,5
60177,1
60178,2
60181,21
60185,2
60187,2
60188,1
60189,1
60194,4
60201,9
60202,7
60208,8
60301,11
60302,2
60304,3
60305,1
60402,1
60404,2
60410,1
60411,2
60415,3
60417,2
60420,1
60422,1
60423,3
60428,1
60429,2
60430,1
60431,1
60432,1
60433,15
60435,6
60439,8
60440,24
60441,1
60443,2
60445,4
60446,5
60448,1
60449,1
60450,4
60451,1
60453,9
60455,1
60462,4
60463,1
60465,1
60466,1
60473,3
60477,3
60478,1
60484,2
60487,2
60490,1
60502,3
60504,9
60505,2
60506,4
60510,1
60513,1
60515,9
60516,1
60517,4
60521,2
60523,23
60525,5
60526,2
60527,4
60532,5
60538,11
60540,8
60542,5
60543,4
60546,1
60555,1
60558,1
60559,1
60560,1
60561,1
60563,8
60564,6
60565,1
60585,1
60586,1
60601,20
60602,2
60603,4
60604,2
60605,10
60606,28
60607,31
60608,3
60609,2
60610,8
60611,43
60612,7
60613,6
60614,4
60615,1
60616,8
60617,1
60618,32
60620,1
60621,2
60622,1
60623,2
60625,1
60626,1
60630,1
60632,6
60636,1
60637,4
60638,3
60639,1
60640,8
60641,2
60642,4
60643,1
60646,14
60647,4
60652,23
60653,1
60654,6
60655,1
60657,11
60660,4
60661,11
60666,12
60706,2
60707,2
60712,1
60714,4
60803,1
60804,1
60805,2
60901,2
60914,4
60915,1
60938,1
61008,2
61021,4
61025,1
61028,1
61032,3
61036,8
61048,1
61061,1
61068,3
61074,1
61101,1
61104,2
61107,3
61108,3
61109,11
61112,1
61114,1
61115,1
61201,1
61254,1
61265,5
61270,1
61282,2
61301,1
61350,2
61354,3
61356,1
61364,6
61401,2
61443,1
61455,2
61462,1
61520,1
61554,2
61602,2
61604,1
61606,1
61611,5
61614,3
61615,5
61635,1
61701,9
61704,9
61705,2
61723,1
61753,1
61761,26
61764,2
61801,4
61802,1
61820,10
61821,1
61822,8
61832,2
61856,1
61910,1
61920,1
61938,5
62002,6
62025,7
62035,2
62040,3
62052,2
62062,4
62095,1
62201,1
62208,1
62221,2
62234,2
62269,3
62294,2
62301,6
62305,1
62363,1
62401,4
62445,1
62521,3
62526,1
62558,1
62650,1
62656,1
62702,3
62703,1
62704,3
62711,2
62769,1
62781,1
62801,2
62838,1
62864,3
62881,1
62901,2
62918,1
62947,1
62958,2
62959,1
63005,2
63010,1
63011,5
63017,4
63025,3
63026,4
63028,4
63031,1
63033,1
63042,2
63043,2
63048,1
63070,1
63080,1
63101,2
63102,11
63103,5
63105,5
63108,4
63110,22
63112,1
63113,1
63114,1
63116,2
63117,1
63118,1
63122,4
63123,2
63124,1
63125,2
63129,2
63131,1
63132,1
63134,3
63136,1
63139,1
63141,5
63143,1
63144,4
63146,3
63301,2
63303,5
63304,1
63334,3
63368,1
63376,3
63379,2
63383,3
63385,2
63401,1
63435,3
63452,1
63501,5
63537,1
63549,2
63650,3
63664,1
63701,4
63703,3
63775,1
63801,5
63851,3
63901,1
64012,10
64014,13
64015,3
64020,1
64024,1
64029,3
64030,8
64040,2
64050,1
64055,4
64057,6
64063,3
64064,7
64067,8
64068,10
64070,3
64075,3
64079,2
64080,3
64081,17
64083,5
64085,3
64086,9
64089,3
64093,8
64101,3
64105,67
64106,37
64108,74
64110,7
64111,32
64112,19
64113,1
64114,14
64116,22
64118,14
64119,16
64120,16
64124,3
64127,12
64128,3
64129,11
64130,7
64131,9
64132,18
64133,7
64138,4
64139,6
64145,6
64150,14
64151,7
64152,1
64153,74
64154,12
64155,2
64156,3
64158,3
64424,3
64429,3
64442,2
64458,2
64468,6
64491,1
64501,15
64503,6
64505,1
64506,9
64507,17
64601,1
64701,1
64724,1
64735,7
64739,2
64772,5
64779,2
64801,5
64804,15
64834,2
64836,1
64850,3
64999,2
65049,1
65063,1
65065,6
65101,3
65109,2
65201,2
65202,1
65203,5
65233,1
65251,2
65262,4
65270,4
65279,1
65301,8
65347,1
65351,3
65355,2
65401,1
65536,1
65556,1
65559,2
65583,2
65584,1
65605,1
65611,1
65613,4
65616,16
65712,1
65721,2
65739,4
65770,1
65775,2
65785,1
65802,7
65803,7
65804,14
65806,2
65807,6
65809,1
65810,1
66013,2
66030,1
66031,11
66044,5
66046,2
66047,5
66048,5
66049,3
66061,16
66062,28
66086,1
66105,1
66109,2
66111,1
66112,2
66202,25
66203,6
66204,10
66205,9
66207,6
66208,8
66209,15
66210,41
66211,33
66212,10
66213,23
66214,10
66215,7
66216,5
66217,6
66218,3
66219,24
66221,4
66223,10
66224,4
66227,5
66251,14
66424,1
66439,1
66502,5
66508,1
66534,1
66538,1
66542,3
66547,1
66603,1
66604,3
66608,2
66609,1
66611,2
66612,4
66614,3
66618,1
66701,1
66713,1
66748,1
66749,1
66762,5
66801,4
66839,1
66901,1
67005,1
67030,1
67037,2
67042,4
67054,1
67063,1
67114,1
67202,2
67206,3
67207,2
67208,2
67210,1
67212,3
67214,1
67216,1
67226,12
67301,1
67401,5
67410,1
67432,1
67460,3
67501,3
67502,3
67530,1
67601,4
67701,2
67735,2
67756,1
67801,1
67846,1
67901,1
68003,2
68005,1
68008,3
68022,1
68025,2
68028,2
68048,1
68064,1
68066,2
68102,16
68103,1
68105,2
68106,5
68107,5
68110,5
68111,2
68114,2
68118,4
68122,1
68123,2
68127,4
68130,1
68131,1
68134,1
68137,1
68138,8
68144,11
68154,1
68305,2
68310,2
68321,1
68333,1
68370,3
68410,3
68434,3
68446,2
68462,2
68467,5
68501,2
68503,1
68504,3
68506,1
68507,1
68508,13
68510,5
68512,1
68516,4
68521,4
68527,1
68528,1
68588,1
68601,6
68620,1
68649,2
68666,1
68701,4
68710,1
68776,5
68788,1
68801,3
68803,6
68818,3
68822,1
68831,1
68845,8
68847,3
68850,3
68862,1
68901,2
68938,1
68949,1
68959,1
69022,1
69101,1
69129,1
69138,1
69143,1
69153,4
69156,1
69162,1
69337,1
69347,1
69361,2
70001,2
70002,3
70003,2
70005,1
7003,1
70058,1
70062,13
70065,1
70068,1
70094,1
70112,5
70113,2
70115,3
70117,2
70118,9
70119,1
70121,1
70124,3
70125,2
70126,2
70127,1
70128,2
70130,8
70148,1
70301,1
70359,1
70360,1
70401,2
70403,1
70420,2
70433,7
70437,1
70454,1
70458,2
70461,3
70471,1
70501,2
70503,14
70506,2
70517,1
70518,1
70535,1
70560,2
70570,2
70583,2
70601,4
70634,1
70647,2
70663,1
70668,1
70734,2
70737,3
70775,2
70785,1
70801,6
70802,6
70806,2
70808,8
70809,4
70810,1
70815,1
70817,1
71104,1
71105,4
71111,5
71202,1
71203,2
71270,3
71292,1
71301,4
71303,3
71351,1
71360,1
71457,3
71601,2
71701,1
71730,4
71801,1
71901,5
71913,11
71923,2
71957,5
72007,1
72015,1
72019,1
72021,1
72023,2
72024,1
72032,9
72035,1
72076,2
72086,1
72104,2
72110,1
72112,1
72114,7
72116,2
72117,6
72118,3
72120,1
72176,1
72201,5
72202,3
72204,4
72205,6
72206,2
72209,10
72210,6
72211,7
72223,3
72227,1
72301,1
72315,2
72335,2
72342,1
72364,1
72390,2
72401,2
72404,2
72450,2
72455,2
72476,1
72501,5
72543,2
72601,1
72632,7
72653,1
72701,6
72703,6
72704,7
72712,27
72745,2
72756,2
72758,6
72761,1
72762,3
72764,2
72801,1
72802,1
72830,1
72908,1
72949,1
72956,2
73003,2
73005,1
73009,1
73013,16
73014,1
73018,2
73019,2
73020,1
73030,2
73033,1
73034,9
73036,3
73052,1
73055,1
73069,5
73071,1
73072,10
73074,1
73075,1
73077,1
73078,1
73080,1
73093,2
73096,4
73099,9
73102,3
73104,2
73105,2
73106,2
73108,5
73109,1
73110,2
73111,2
73112,3
73114,4
73115,1
73118,2
73120,3
73127,2
73129,1
73130,4
73131,3
73139,3
73149,2
73159,2
73160,3
73162,2
73170,4
73401,8
73459,2
73460,1
73501,1
73505,1
73529,1
73533,2
73542,1
73572,1
73644,3
73645,1
73651,1
73662,1
73663,1
73701,1
73703,2
73717,1
73728,1
73801,3
73834,2
73939,1
73942,1
73945,1
74006,3
74008,1
74010,2
74012,5
74015,4
74017,1
74019,1
74020,1
74037,2
74044,1
74055,3
74056,3
74063,1
74066,1
74074,4
74075,3
74079,2
74103,8
74104,1
74105,3
74107,4
74114,3
74115,3
74119,6
74120,1
74133,7
74135,6
74137,2
74145,3
74146,1
74301,1
74331,1
74337,1
74354,3
74361,2
74401,3
74403,1
74427,1
74437,2
74441,1
74454,1
74462,1
74464,3
74465,2
74467,1
74501,3
74523,1
74525,1
74571,1
74578,1
74601,3
74631,2
74637,1
74701,7
74804,3
74820,4
74834,2
74859,2
74868,2
74954,1
74955,1
74960,2
75002,1
75006,3
75009,2
75010,2
75013,9
75015,1
75019,18
75020,2
75022,1
75023,5
75024,38
75025,6
75028,1
75032,3
75033,1
75034,38
75035,3
75038,3
75039,12
75040,17
75041,2
75042,1
75043,2
75044,1
75048,1
75050,5
75052,12
75056,6
75057,3
75061,3
75062,7
75063,14
75067,5
75068,1
75069,5
75070,8
75071,3
75074,6
75075,5
75077,4
75080,2
75081,1
75082,11
75087,5
75088,4
75089,1
75090,4
75092,1
75093,23
75094,2
75098,2
75103,1
75104,4
75110,2
75115,2
75119,2
75126,2
75134,1
75137,3
75142,1
75143,1
75150,11
75154,1
75159,1
75160,5
75165,3
75169,1
75181,1
75182,1
75189,1
75201,51
75202,12
75203,3
75204,8
75205,4
75206,6
75207,4
75208,2
75209,7
75211,2
75212,1
75214,1
75215,1
75218,4
75219,9
75223,1
75225,1
75226,4
75229,1
75231,12
75232,1
75234,10
75235,19
75237,1
75238,2
75240,7
75243,2
75244,6
75246,1
75248,2
75251,1
75252,4
75253,1
75254,12
75261,15
75287,4
75402,1
75407,2
75454,1
75455,1
75460,1
75482,1
75501,1
75503,1
75570,2
75601,1
75602,1
75605,6
75662,1
75672,2
75701,9
75702,1
75703,3
75709,2
75751,1
75758,1
75763,1
75771,1
75801,3
75833,1
75901,1
75951,1
75964,2
76002,2
76006,1
76009,3
76010,3
76011,10
76013,2
76014,3
76015,3
76017,2
76018,4
76020,1
76021,2
76022,2
76028,3
76033,2
76034,2
76040,1
76048,2
76049,1
76051,10
76052,3
76053,3
76055,2
76063,6
76086,1
76087,4
76092,5
76102,3
76104,4
76107,8
76108,4
76109,2
76114,1
76115,1
76116,6
76126,1
76131,1
76132,7
76135,3
76137,3
76140,1
76148,1
76155,43
76164,2
76177,16
76180,8
76182,1
76201,9
76205,1
76207,1
76208,2
76209,1
76210,7
76226,1
76227,1
76234,1
76244,4
76248,2
76262,5
76301,2
76308,2
76309,1
76354,1
76365,1
76384,1
76401,1
76437,1
76442,1
76448,1
76457,1
76502,4
76504,1
76520,1
76527,1
76528,1
76542,5
76543,3
76544,1
76548,1
76550,1
76559,1
76571,1
76574,1
76621,1
76642,1
76645,1
76651,1
76701,1
76705,2
76712,5
76802,1
76825,1
76834,1
76844,1
76849,4
76901,5
76932,1
76943,2
76945,1
77002,29
77004,18
77005,4
77006,3
77007,5
77008,6
77009,2
77010,8
77015,3
77018,3
77019,5
77020,1
77024,20
77025,1
77026,1
77027,23
77029,1
77030,13
77032,8
77033,1
77034,3
77036,1
77040,3
77041,1
77042,3
77044,2
77045,2
77051,1
77053,4
77054,12
77055,2
77056,8
77057,8
77058,1
77060,1
77061,14
77063,1
77064,1
77065,1
77070,11
77071,1
77073,1
77074,4
77075,10
77077,5
77079,4
77081,2
77084,3
77085,1
77087,1
77090,5
77093,1
77094,4
77095,5
77098,9
77099,1
77204,17
77301,2
77303,1
77304,2
77316,1
77338,12
77339,7
77340,6
77341,1
77346,2
77351,1
77354,3
77356,1
77357,5
77373,8
77375,5
77377,3
77379,1
77380,9
77381,3
77384,5
77385,9
77386,3
77388,4
77389,2
77396,2
77406,3
77407,3
77414,2
77422,1
77429,3
77433,2
77441,1
77449,2
77450,7
77459,2
77461,1
77469,2
77471,2
77477,5
77478,1
77479,8
77484,1
77488,2
77493,3
77494,9
77498,1
77503,1
77505,3
77506,1
77511,3
77521,5
77530,3
77531,3
77539,1
77546,5
77550,6
77551,3
77554,2
77566,3
77571,1
77573,7
77578,1
77581,1
77584,9
77591,4
77598,2
77601,1
77640,1
77656,2
77657,1
77662,1
77701,1
77705,3
77707,1
77802,2
77803,2
77807,2
77830,1
77833,3
77840,8
77844,1
77845,3
77856,1
77864,2
77868,3
77880,1
77901,1
77904,4
77954,2
77962,1
77979,2
78003,2
78006,4
78013,1
78014,1
78019,3
78022,1
78024,1
78025,1
78028,6
78041,5
78063,1
78071,1
78114,1
78124,1
78130,5
78132,1
78133,2
78154,7
78155,3
78201,4
78202,1
78204,1
78205,15
78207,1
78208,1
78209,9
78212,3
78214,2
78215,14
78216,17
78217,2
78218,5
78219,1
78223,3
78224,5
78226,2
78227,3
78228,1
78229,4
78230,6
78232,4
78233,4
78235,3
78237,1
78238,5
78240,2
78245,6
78249,3
78251,5
78256,9
78257,7
78258,10
78260,2
78332,1
78336,1
78363,2
78364,1
78373,5
78382,4
78387,1
78405,2
78408,2
78410,1
78411,1
78412,4
78415,3
78416,1
78418,2
78501,6
78503,1
78504,1
78520,2
78521,3
78526,1
78539,1
78550,1
78552,2
78572,1
78577,1
78582,1
78589,3
78597,7
78602,3
78606,3
78610,2
78613,17
78617,10
78620,3
78621,2
78624,7
78626,2
78628,3
78634,2
78636,4
78640,11
78641,7
78643,2
78650,3
78653,5
78654,2
78657,2
78660,7
78664,5
78665,9
78666,22
78676,4
78681,6
78701,78
78702,40
78703,37
78704,31
78705,5
78710,1
78717,10
78719,23
78721,5
78722,1
78723,37
78724,6
78726,4
78727,5
78728,2
78729,6
78730,7
78731,2
78732,8
78734,4
78735,10
78736,3
78737,4
78738,7
78741,27
78744,16
78745,12
78746,30
78747,3
78748,8
78749,5
78750,3
78751,6
78752,28
78753,16
78754,16
78756,3
78757,3
78758,54
78759,20
78801,1
78834,1
78838,1
78840,1
78852,1
78861,1
78873,1
78934,2
78941,2
78942,1
78945,1
78950,1
78954,1
79015,1
79022,1
79029,2
79070,1
79072,1
79079,1
79103,1
79106,1
79118,3
79119,3
79124,4
79201,2
79252,1
79331,1
79355,1
79370,1
79401,2
79407,4
79415,2
79416,1
79424,4
79510,1
79512,1
79556,2
79606,3
79701,1
79706,1
79707,1
79720,1
79734,1
79735,2
79756,1
79762,1
79764,1
79765,1
79772,3
79843,1
79852,2
79855,2
79901,5
79902,1
79905,1
79907,2
79911,2
79912,2
79925,12
79930,1
79932,1
79935,1
79936,2
80002,4
80003,2
80004,2
80005,1
80007,1
80011,21
80012,6
80013,9
80014,10
80015,2
80016,5
80017,1
80018,2
80019,2
80020,13
80021,14
80022,8
80023,14
80026,24
80027,35
80030,9
80031,14
80033,4
80045,5
80102,3
80103,1
80104,2
80108,1
80109,4
80110,2
80111,18
80112,25
80113,1
80116,2
80120,6
80121,2
80122,3
80123,8
80124,10
80125,2
80126,2
80127,4
80128,1
80129,17
80130,2
80132,1
80134,4
80135,2
80138,1
80201,1
80202,82
80203,9
80204,63
80205,13
80206,7
80207,2
80209,4
80210,9
80211,3
80212,3
80214,4
80215,5
80216,16
80218,4
80219,1
80220,1
80221,2
80222,4
80223,4
80224,3
80225,1
80226,10
80227,1
80228,3
80229,4
80230,6
80231,2
80233,4
80234,7
80235,2
80236,1
80237,14
80238,5
80239,8
80241,11
80246,15
80249,17
80260,1
80301,67
80302,50
80303,28
80304,13
80305,11
80401,39
80403,6
80420,1
80422,2
80424,40
80427,1
80433,3
80435,8
80439,2
80440,2
80442,2
80443,17
80444,5
80446,3
80447,3
80452,3
80459,2
80461,4
80465,3
80466,16
80468,1
80470,2
80474,1
80477,4
80478,1
80482,4
80483,2
80487,13
80498,9
80501,30
80503,7
80504,11
80511,1
80512,1
80513,5
80514,2
80516,15
80517,11
80521,14
80523,1
80524,20
80525,19
80526,7
80528,8
80529,1
80530,2
80534,2
80536,1
80537,11
80538,18
80540,2
80544,1
80549,4
80550,4
80601,14
80602,3
80603,9
80621,2
80631,4
80634,14
80643,1
80644,1
80701,1
80720,2
80723,1
80734,1
80737,1
80751,5
80813,4
80815,1
80817,1
80828,3
80829,2
80836,1
80863,3
80903,13
80904,2
80905,2
80906,9
80907,5
80909,2
80916,3
80918,6
80919,2
80920,6
80921,6
80922,2
80923,5
80924,2
80925,1
80926,2
81001,1
81003,13
81004,3
81005,1
81007,5
81008,9
81020,1
81025,3
81044,2
81050,6
81052,4
81082,3
81089,3
81101,4
81122,2
81130,1
81132,2
81137,1
81143,2
81144,3
81146,1
81147,6
81149,1
81154,1
81201,10
81210,3
81211,4
81212,9
81224,5
81225,6
81226,1
81227,1
81230,6
81235,4
81236,1
81241,1
81242,1
81248,1
81252,3
81301,25
81303,6
81320,1
81321,2
81323,2
81326,1
81328,1
81330,1
81332,1
81401,14
81413,1
81416,1
81424,1
81428,3
81432,6
81433,1
81435,13
81501,19
81503,2
81505,5
81506,5
81522,1
81601,24
81610,2
81611,26
81615,6
81620,25
81621,12
81623,13
81625,4
81631,10
81632,7
81635,1
81637,6
81641,2
81643,1
81645,2
81647,2
81650,5
81652,1
81657,30
82001,4
82009,1
82070,2
82072,1
82101,8
82190,7
82201,2
82225,1
82301,2
82414,4
82422,2
82501,2
82513,1
82515,1
82520,4
82601,1
82609,2
82633,1
82636,1
82716,2
82729,1
82801,4
82834,1
82901,4
82930,2
82941,2
83001,20
83002,1
83013,1
83014,1
83025,3
83101,1
83110,2
83127,1
83201,1
83202,3
83276,1
83301,5
83303,1
83313,2
83318,2
83333,4
83336,1
83353,2
83401,2
83402,6
83420,1
83422,1
83429,1
83440,1
83467,1
83530,1
83605,2
83607,1
83610,1
83615,1
83616,3
83638,1
83642,7
83647,1
83651,2
83686,1
83687,6
83702,10
83704,9
83705,2
83706,4
83709,6
83713,3
83714,3
83716,1
83725,2
83805,2
83814,6
83815,1
83825,1
83843,1
83854,1
83864,3
83868,1
84003,4
84010,1
84014,2
84015,10
84017,4
84020,34
84024,1
84025,4
84028,4
84029,4
84032,8
84036,2
84037,10
84041,13
84042,2
84043,68
84044,1
84045,4
84047,3
84049,2
84054,2
84057,10
84058,14
84060,10
84061,1
84062,4
84065,3
84066,1
84067,2
84070,36
84074,1
84078,1
84083,1
84084,4
84087,2
84088,7
84092,5
84094,6
84095,9
84096,1
84097,6
84098,12
84101,20
84102,8
84103,9
84104,8
84105,2
84106,4
84107,36
84108,2
84109,3
84111,28
84112,10
84115,15
84116,28
84117,1
84118,3
84119,22
84120,11
84121,3
84122,1
84123,9
84129,30
84132,1
84190,3
84302,7
84317,1
84321,14
84332,2
84337,6
84341,3
84401,17
84403,4
84404,9
84405,5
84408,3
84414,2
84501,5
84511,1
84512,4
84513,2
84523,2
84525,2
84532,12
84535,2
84601,11
84604,3
84606,15
84607,1
84624,1
84631,2
84647,1
84648,1
84654,1
84656,1
84660,5
84663,2
84701,7
84713,3
84716,1
84719,1
84720,5
84721,3
84726,2
84737,3
84738,1
84739,1
84741,13
84745,5
84757,1
84767,12
84770,9
84775,1
84776,1
84780,2
84790,7
85003,8
85004,23
85007,15
85008,11
85012,5
85013,15
85014,9
85015,5
85016,14
85017,9
85018,4
85020,3
85021,2
85022,6
85023,4
85024,1
85027,8
85028,2
85029,2
85032,6
85034,9
85035,3
85037,3
85040,7
85041,1
85043,1
85044,2
85048,2
85050,5
85051,8
85053,1
85054,31
85085,9
85086,2
85087,1
85118,1
85119,1
85122,5
85132,5
85138,2
85139,1
85140,2
85142,2
85173,1
85194,2
85201,8
85202,2
85204,3
85205,1
85206,8
85207,1
85209,2
85210,4
85212,17
85222,1
85224,12
85225,13
85226,15
85233,7
85234,7
85248,12
85250,8
85251,32
85253,3
85254,25
85255,11
85256,9
85257,10
85258,10
85259,1
85260,33
85262,1
85268,4
85281,34
85282,15
85283,2
85284,11
85286,20
85287,12
85295,5
85296,2
85297,9
85298,1
85301,3
85302,1
85305,21
85308,4
85310,1
85321,2
85323,11
85326,3
85331,1
85333,1
85334,1
85337,1
85338,4
85339,2
85340,5
85344,3
85345,4
85346,2
85351,1
85353,6
85364,2
85365,5
85367,1
85374,6
85377,1
85379,5
85381,1
85382,11
85383,1
85388,4
85390,2
85395,10
85501,3
85541,2
85546,1
85602,1
85607,2
85614,4
85623,1
85635,4
85637,2
85638,1
85643,1
85658,1
85701,9
85704,5
85705,4
85706,1
85710,2
85711,1
85712,1
85713,2
85714,2
85715,2
85716,1
85718,6
85719,13
85721,4
85737,1
85739,1
85741,5
85742,1
85743,7
85745,3
85747,1
85748,1
85749,2
85750,1
85756,1
85901,3
85935,1
85937,1
86001,21
86004,13
86005,1
86011,3
86023,11
86025,3
86028,1
86036,1
86040,1
86045,1
86046,7
86047,3
86301,8
86303,2
86314,3
86322,2
86324,1
86326,3
86327,1
86333,1
86336,19
86351,6
86401,3
86403,1
86404,1
86409,3
86445,2
87004,2
87020,1
87031,13
87035,1
87045,1
87070,1
87102,9
87104,4
87105,1
87106,20
87107,6
87109,2
87110,9
87112,2
87113,9
87114,1
87120,1
87121,3
87123,4
87124,3
87144,1
87301,2
87401,5
87402,4
87410,1
87501,20
87505,21
87506,3
87507,10
87508,3
87525,1
87529,1
87530,1
87537,2
87544,4
87549,1
87553,1
87556,2
87557,2
87558,1
87571,3
87701,2
87710,1
87718,1
87740,2
87752,1
87801,2
87901,1
87931,1
87935,1
88001,8
88005,4
88007,1
88008,1
88011,5
88030,2
88045,1
88056,1
88061,1
88101,3
88201,3
88210,2
88220,2
88301,2
88310,2
88317,1
88318,1
88340,2
88345,2
88401,3
88415,1
88435,2
89001,1
89002,6
89003,2
89005,1
89011,1
89014,9
89015,4
89018,1
89019,2
89025,1
89027,5
89029,8
89030,3
89032,1
89042,2
89044,4
89049,2
89052,17
89074,7
89081,1
89084,2
89101,12
89102,2
89103,6
89104,5
89106,21
89107,8
89108,2
89109,46
89110,1
89113,8
89115,3
89117,4
89118,7
89119,26
89121,3
89122,6
89123,7
89128,1
89129,2
89130,2
89131,1
89134,1
89135,19
89138,2
89139,13
89141,1
89145,6
89146,12
89147,4
89148,5
89149,3
89154,3
89158,5
89169,8
89178,5
89183,2
89301,1
89310,1
89311,2
89316,1
89406,4
89408,2
89410,5
89415,2
89419,3
89420,1
89421,1
89423,3
89425,1
89427,1
89431,7
89434,12
89436,2
89440,2
89445,4
89447,4
89448,3
89449,5
89451,5
89501,12
89502,29
89503,5
89506,3
89509,3
89511,9
89512,8
89521,13
89523,4
89557,2
89701,7
89703,1
89706,4
89709,1
89801,4
89820,1
89822,1
89825,1
89835,2
89883,3
90001,2
90002,5
90003,8
90004,4
90005,20
90006,6
90007,73
90008,6
90010,3
90011,4
90012,67
90013,20
90014,21
90015,56
90016,15
90017,38
90018,2
90019,11
90020,5
90021,22
90022,2
90024,21
90025,55
90026,10
90027,15
90028,72
90029,8
90031,11
90032,67
90033,42
90034,23
90035,11
90036,20
90037,5
90038,38
90039,5
90040,14
90041,9
90042,7
90043,4
90044,7
90045,62
90046,25
90047,8
90048,20
90049,10
90056,5
90057,8
90059,5
90061,3
90062,3
90063,3
90064,31
90065,4
90066,15
90067,61
90068,25
90069,24
90071,54
90077,4
90079,4
90089,6
90094,19
90095,5
90201,1
90210,42
90211,3
90212,10
90220,1
90230,28
90232,35
90240,1
90241,15
90242,12
90245,43
90247,4
90248,3
90249,1
90250,11
90254,6
90262,5
90263,4
90265,13
90266,36
90272,18
90274,10
90275,2
90277,7
90278,8
90280,5
90290,2
90291,11
90292,22
90293,4
90301,16
90303,4
90304,1
90305,10
90401,60
90402,3
90403,16
90404,61
90405,46
90501,12
90502,2
90503,32
90504,7
90505,41
90601,8
90602,2
90603,1
90604,5
90620,7
90621,7
90623,3
90630,11
90631,11
90638,6
90639,1
90640,13
90650,8
90660,4
90670,3
90680,6
90701,1
90703,22
90706,15
90710,7
90712,6
90713,3
90715,2
90716,1
90717,4
90720,2
90723,5
90731,12
90732,7
90740,8
90744,9
90745,7
90746,12
90755,5
90802,107
90803,44
90805,11
90806,11
90807,3
90808,20
90810,4
90813,5
90815,14
90840,2
90846,9
91006,8
91007,8
91010,3
91016,6
91030,2
91040,2
91042,3
91101,29
91103,4
91105,20
91106,3
91107,11
91125,2
91188,1
91201,5
91203,21
91204,15
91205,5
91206,7
91208,7
91210,6
91214,2
91301,19
91302,11
91303,38
91304,9
91306,4
91307,5
91311,36
91316,12
91320,10
91321,6
91324,12
91325,11
91326,7
91329,1
91330,8
91331,15
91335,16
91340,9
91342,11
91343,12
91344,5
91345,8
91346,1
91350,4
91351,6
91352,8
91355,42
91356,30
91360,16
91361,18
91362,22
91364,5
91365,1
91367,55
91377,14
91381,1
91384,5
91387,3
91401,14
91402,14
91403,10
91405,41
91406,13
91411,8
91423,17
91436,8
91502,45
91504,9
91505,22
91506,3
91523,2
91601,21
91602,35
91604,13
91605,12
91606,39
91607,8
91608,16
91701,4
91702,11
91706,7
91709,8
91710,8
91711,13
91723,8
91724,1
91730,16
91731,25
91732,3
91733,4
91737,3
91739,5
91740,9
91741,2
91744,1
91745,2
91746,36
91748,4
91750,5
91752,2
91754,4
91755,1
91761,24
91762,3
91763,6
91764,24
91765,15
91766,1
91767,4
91768,4
91770,7
91773,7
91775,1
91776,5
91780,3
91786,4
91789,37
91790,9
91791,3
91792,1
91801,5
91803,2
91901,3
91906,1
91910,14
91911,21
91913,1
91914,2
91915,12
91932,3
91935,1
91941,1
91942,11
91943,1
91945,3
91950,32
92004,2
92007,3
92008,18
92009,22
92010,7
92011,8
92014,11
92019,6
92020,18
92021,27
92024,7
92025,13
92026,6
92027,4
92028,4
92029,19
92036,1
92037,114
92040,10
92054,29
92056,3
92057,3
92058,1
92059,1
92064,5
92065,3
92067,6
92069,12
92070,2
92071,9
92075,9
92078,21
92081,8
92082,6
92083,4
92084,7
92092,2
92093,22
92101,159
92102,3
92103,22
92104,3
92105,1
92106,6
92107,1
92108,60
92109,14
92110,14
92111,9
92113,6
92115,8
92116,1
92117,4
92118,17
92119,3
92120,4
92121,79
92122,27
92123,29
92126,26
92127,63
92128,9
92129,2
92130,38
92131,6
92154,12
92161,23
92173,4
92182,11
92201,17
92203,12
92210,10
92211,10
92220,6
92223,9
92225,9
92227,1
92230,15
92234,16
92236,1
92239,1
92240,2
92243,4
92251,1
92252,1
92253,8
92260,23
92262,53
92264,14
92270,11
92274,2
92277,6
92284,3
92307,2
92309,10
92310,19
92311,24
92313,3
92315,3
92317,1
92320,1
92324,13
92328,2
92332,2
92335,9
92336,6
92337,1
92344,2
92345,7
92346,37
92352,2
92354,23
92356,1
92363,3
92364,2
92373,2
92374,12
92376,5
92382,1
92392,12
92394,5
92395,10
92397,1
92398,5
92399,2
92401,5
92404,3
92405,1
92407,18
92408,13
92410,16
92411,3
92501,23
92503,17
92504,17
92505,2
92506,5
92507,42
92508,6
92509,9
92518,5
92522,1
92530,9
92532,2
92539,5
92543,2
92545,3
92549,1
92553,10
92555,20
92557,1
92562,21
92563,2
92570,4
92571,1
92582,1
92583,3
92584,6
92586,1
92590,10
92591,12
92592,17
92595,4
92596,4
92602,16
92603,54
92604,8
92606,17
92610,5
92612,81
92614,54
92617,97
92618,248
92620,10
92624,1
92625,2
92626,84
92627,6
92629,2
92630,19
92637,8
92646,2
92647,19
92648,29
92649,2
92651,11
92653,5
92655,3
92656,14
92657,15
92660,60
92663,13
92672,11
92673,8
92675,3
92677,12
92683,20
92688,2
92691,6
92692,8
92694,13
92697,3
92701,19
92703,6
92704,8
92705,21
92706,6
92707,12
92708,15
92780,28
92782,16
92801,10
92802,138
92804,4
92805,28
92806,13
92807,6
92808,4
92821,8
92823,3
92831,39
92832,43
92833,4
92835,6
92840,4
92841,4
92843,1
92844,4
92845,1
92860,3
92865,1
92866,45
92867,7
92868,52
92869,3
92870,7
92879,11
92880,6
92881,4
92882,13
92883,4
92886,14
92887,7
93001,20
93002,1
93003,19
93004,6
93009,1
93010,9
93012,5
93013,4
93015,2
93021,13
93022,1
93023,6
93030,8
93033,7
93035,1
93036,27
93041,9
93060,1
93063,3
93065,14
93066,1
93101,29
93103,5
93105,6
93106,14
93108,7
93109,7
93110,2
93117,14
93202,1
93203,3
93206,6
93210,11
93212,1
93215,2
93221,1
93223,5
93230,20
93234,7
93239,6
93243,9
93245,5
93247,5
93249,2
93250,6
93254,1
93257,9
93263,1
93268,2
93271,1
93274,9
93277,3
93280,3
93291,9
93292,11
93301,42
93304,1
93306,2
93307,4
93308,4
93309,9
93311,10
93313,5
93314,1
93401,44
93405,16
93407,11
93420,9
93422,7
93424,2
93426,1
93427,2
93428,6
93430,2
93432,1
93433,2
93434,1
93436,6
93440,2
93442,3
93446,52
93449,17
93450,1
93451,2
93452,3
93453,1
93454,21
93455,10
93458,5
93460,9
93461,1
93463,8
93465,5
93499,1
93501,11
93505,2
93510,1
93514,9
93516,2
93517,2
93523,2
93527,14
93534,20
93535,4
93536,9
93543,2
93545,1
93546,5
93549,1
93550,6
93551,15
93555,2
93561,5
93562,1
93601,1
93610,5
93611,20
93612,32
93614,1
93622,4
93623,3
93625,3
93626,1
93630,4
93631,3
93635,6
93636,6
93637,11
93638,4
93640,12
93644,12
93646,2
93648,4
93650,1
93654,3
93657,4
93660,1
93662,8
93673,1
93701,2
93703,5
93704,38
93705,3
93706,9
93710,14
93711,17
93720,50
93721,33
93722,23
93726,7
93727,17
93728,9
93901,9
93905,3
93906,6
93907,8
93908,6
93920,5
93921,4
93923,11
93924,3
93926,1
93927,1
93930,7
93933,16
93940,27
93942,1
93950,14
93953,7
93955,10
93960,5
94002,2
94005,36
94010,60
94014,8
94015,11
94019,7
94020,2
94022,22
94024,2
94025,387
94027,5
94028,2
94030,14
94035,1
94038,1
94040,37
94041,17
94043,31
94044,7
94061,11
94062,6
94063,108
94065,43
94066,19
94070,11
94080,144
94085,35
94086,50
94087,12
94089,17
94102,15
94103,42
94104,4
94105,33
94107,17
94108,17
94109,12
94110,2
94111,23
94112,5
94114,2
94115,8
94116,1
94117,4
94118,3
94122,5
94123,2
94124,4
94128,112
94129,12
94132,33
94133,4
94143,5
94158,69
94301,26
94303,14
94304,71
94305,50
94306,70
94401,23
94402,25
94403,38
94404,25
94501,8
94502,9
94503,5
94506,3
94508,1
94509,6
94510,6
94513,31
94514,1
94515,21
94519,1
94520,22
94521,4
94523,21
94526,7
94530,2
94531,2
94533,14
94534,22
94536,1
94538,90
94539,37
94541,8
94542,26
94544,29
94545,27
94546,6
94547,1
94549,6
94550,9
94551,31
94553,23
94555,6
94556,7
94558,38
94559,39
94560,29
94561,3
94562,5
94565,16
94566,13
94568,39
94571,2
94573,4
94574,36
94576,1
94577,12
94578,9
94579,1
94582,7
94583,22
94585,3
94587,7
94588,70
94589,9
94590,37
94591,6
94592,5
94595,1
94596,29
94597,16
94598,19
94599,8
94602,1
94603,1
94605,4
94606,4
94607,126
94608,19
94609,18
94610,2
94611,7
94612,51
94621,9
94702,1
94703,1
94704,53
94705,9
94706,4
94709,1
94710,14
94720,1
94801,2
94803,1
94804,24
94805,2
94806,28
94901,27
94903,35
94904,14
94920,13
94923,1
94925,3
94928,31
94930,3
94931,5
94937,1
94939,9
94941,8
94945,15
94946,4
94947,8
94949,15
94952,18
94954,13
94956,1
94957,2
94960,4
94965,6
94970,5
95002,2
95003,9
95008,34
95010,5
95012,3
95014,86
95018,2
95020,27
95023,12
95030,16
95032,7
95033,2
95035,63
95037,12
95043,1
95045,1
95046,4
95050,40
95051,33
95052,1
95053,3
95054,271
95060,23
95061,1
95062,6
95064,9
95065,3
95066,9
95070,10
95076,24
95110,75
95111,1
95112,85
95113,60
95116,2
95117,50
95118,8
95119,16
95120,1
95121,1
95122,6
95123,12
95124,2
95125,1
95126,13
95128,66
95129,8
95131,26
95132,1
95133,38
95134,78
95135,1
95136,4
95138,11
95139,1
95148,4
95202,3
95204,4
95205,1
95206,3
95207,6
95209,2
95210,4
95211,3
95212,4
95219,7
95220,3
95222,1
95223,1
95228,1
95237,1
95240,22
95242,10
95247,3
95301,2
95304,7
95307,2
95315,1
95318,3
95321,9
95322,9
95326,1
95327,2
95330,4
95336,6
95337,9
95338,1
95340,3
95341,1
95343,2
95345,2
95348,2
95350,2
95352,1
95354,4
95355,1
95356,10
95358,2
95361,6
95363,6
95366,1
95368,1
95370,7
95376,10
95377,11
95379,1
95380,7
95382,5
95383,1
95386,1
95387,2
95389,15
95391,1
95401,21
95403,18
95404,7
95405,4
95407,8
95409,1
95421,1
95425,7
95432,2
95436,1
95437,11
95438,1
95439,2
95441,6
95442,4
95446,3
95448,32
95449,2
95450,3
95451,1
95452,2
95453,3
95454,4
95456,6
95460,9
95461,2
95465,1
95466,7
95468,3
95470,1
95472,10
95476,13
95482,19
95485,1
95490,6
95492,11
95497,3
95501,13
95503,1
95519,2
95521,14
95525,8
95531,8
95536,4
95540,15
95542,5
95548,2
95551,4
95553,1
95562,1
95567,3
95570,3
95573,2
95603,27
95605,4
95606,2
95608,2
95610,2
95616,24
95618,21
95620,2
95621,6
95624,4
95628,2
95630,40
95632,4
95634,1
95642,4
95646,1
95648,25
95650,4
95651,1
95652,6
95660,1
95661,14
95667,27
95669,5
95670,15
95677,23
95678,18
95682,2
95683,2
95684,4
95685,4
95687,20
95688,14
95691,10
95694,2
95695,12
95713,6
95714,1
95715,1
95726,3
95728,6
95735,2
95742,3
95746,4
95747,7
95757,38
95758,13
95762,7
95765,2
95776,12
95811,35
95814,124
95815,24
95816,10
95817,9
95818,3
95819,6
95820,2
95821,3
95822,8
95823,5
95825,6
95826,11
95827,9
95828,2
95832,4
95833,36
95834,13
95835,12
95837,5
95838,3
95841,2
95842,7
95843,1
95864,4
95901,6
95926,2
95928,24
95932,1
95936,1
95937,4
95945,13
95960,1
95961,1
95963,1
95965,2
95966,1
95968,1
95983,1
95987,5
95988,2
95991,2
95993,1
96001,16
96002,5
96003,6
96007,3
96019,1
96021,2
96022,1
96024,2
96025,3
96044,2
96051,2
96052,1
96063,1
96067,8
96073,1
96080,10
96088,1
96091,2
96093,1
96094,2
96097,6
96101,2
96103,2
96106,1
96107,1
96115,1
96120,3
96130,5
96145,7
96146,3
96148,2
96150,23
96161,30
96701,11
96706,3
96707,40
96708,3
96712,1
96719,1
96720,19
96722,2
96731,1
96732,18
96734,9
96738,4
96740,17
96743,4
96744,8
96746,1
96748,1
96753,15
96756,4
96761,11
96762,3
96763,3
96766,15
96768,3
96772,1
96777,1
96778,4
96780,1
96782,5
96786,4
96789,2
96792,2
96793,9
96796,2
96797,15
96813,33
96814,30
96815,35
96816,6
96817,13
96818,8
96819,7
96821,2
96822,3
96825,3
97005,29
97006,14
97007,2
97013,2
97014,1
97015,8
97016,5
97021,1
97023,2
97027,4
97028,1
97030,12
97031,16
97034,11
97035,9
97037,1
97038,1
97040,1
97041,2
97045,12
97048,2
97051,4
97054,3
97055,4
97056,3
97058,7
97060,4
97062,10
97067,2
97068,1
97070,9
97071,8
97078,1
97086,7
97101,3
97103,5
97106,3
97109,3
97110,6
97111,3
97113,4
97114,6
97115,5
97116,7
97119,1
97123,25
97124,26
97128,12
97132,9
97133,1
97134,1
97135,1
97136,1
97138,3
97140,10
97141,12
97145,1
97146,5
97148,3
97201,14
97202,6
97203,5
97204,14
97205,13
97206,1
97209,10
97210,7
97211,2
97212,1
97213,7
97214,7
97215,1
97217,17
97218,5
97219,5
97220,11
97222,15
97223,16
97224,7
97225,5
97227,5
97229,3
97230,2
97232,17
97233,4
97239,2
97266,3
97267,2
97301,37
97302,12
97303,4
97304,4
97305,1
97310,1
97321,4
97322,4
97330,11
97331,6
97333,2
97338,2
97341,1
97342,2
97344,1
97347,1
97348,2
97351,5
97355,3
97360,7
97361,1
97365,8
97366,2
97367,10
97368,4
97370,3
97371,1
97376,1
97381,4
97385,4
97388,1
97391,3
97392,1
97394,2
97401,20
97402,4
97403,9
97404,5
97405,5
97408,5
97411,5
97413,1
97415,3
97417,2
97420,13
97424,5
97426,1
97436,1
97437,1
97439,6
97446,1
97448,2
97454,1
97455,1
97457,3
97459,3
97462,1
97463,2
97465,4
97467,5
97470,12
97471,4
97477,4
97478,1
97479,2
97487,1
97497,3
97498,3
97501,5
97502,1
97504,16
97520,17
97526,6
97527,1
97528,1
97540,4
97601,8
97603,2
97604,1
97626,2
97641,1
97701,8
97702,16
97703,9
97707,1
97720,2
97733,7
97734,2
97738,1
97741,16
97750,2
97753,1
97754,3
97756,6
97759,6
97761,1
97801,3
97812,1
97814,1
97818,1
97823,1
97828,2
97830,1
97836,1
97838,4
97843,1
97845,2
97846,1
97850,4
97869,1
97907,1
97914,1
98001,5
98002,8
98003,10
98004,114
98005,54
98006,8
98007,14
98008,4
98011,18
98012,2
98020,7
98021,3
98022,2
98023,1
98024,1
98026,1
98027,14
98028,3
98029,11
98030,5
98031,1
98032,6
98033,18
98034,16
98036,10
98037,11
98040,11
98042,4
98043,4
98045,3
98052,26
98053,1
98055,10
98056,6
98057,20
98058,3
98059,2
98065,6
98068,2
98070,1
98072,15
98074,3
98075,5
98087,2
98092,2
98101,44
98102,8
98103,8
98104,47
98105,24
98106,4
98107,8
98108,7
98109,74
98110,5
98112,1
98114,5
98115,6
98117,4
98118,6
98119,13
98121,98
98122,12
98125,15
98126,1
98133,8
98134,19
98136,3
98144,5
98146,1
98148,2
98154,2
98155,2
98164,13
98166,12
98168,3
98188,34
98191,1
98195,5
98198,6
98199,1
98201,12
98203,6
98204,6
98208,3
98221,14
98223,10
98225,18
98226,12
98229,4
98230,4
98233,4
98237,1
98239,2
98240,1
98241,1
98245,2
98247,1
98249,1
98250,6
98252,2
98257,1
98258,2
98260,3
98261,2
98264,1
98270,2
98271,6
98272,4
98273,14
98275,3
98277,1
98279,1
98282,1
98283,2
98288,3
98290,5
98292,1
98294,1
98296,2
98304,2
98310,2
98311,1
98312,3
98325,1
98327,3
98331,6
98332,1
98335,6
98337,2
98346,4
98356,1
98357,3
98362,10
98363,3
98366,5
98367,1
98368,9
98370,9
98371,7
98372,4
98373,3
98374,5
98375,1
98382,7
98383,6
98388,1
98390,2
98391,1
98392,1
98402,15
98403,6
98404,2
98405,8
98406,3
98407,6
98408,2
98409,18
98418,2
98421,11
98422,2
98424,2
98444,2
98446,1
98447,3
98465,1
98467,1
98498,3
98499,4
98501,24
98502,14
98503,12
98505,2
98507,1
98509,1
98512,3
98513,1
98516,6
98520,8
98528,2
98531,5
98532,2
98541,1
98562,2
98564,1
98569,2
98571,1
98575,1
98579,1
98584,5
98590,1
98592,1
98595,1
98597,1
98605,1
98607,3
98610,1
98611,1
98612,2
98616,1
98620,2
98625,1
98626,2
98631,2
98632,3
98642,23
98644,1
98648,1
98660,7
98661,10
98662,14
98663,4
98664,2
98665,2
98671,1
98674,1
98683,4
98684,7
98685,1
98686,2
98801,15
98802,2
98813,1
98816,5
98822,1
98823,1
98826,12
98831,3
98833,1
98837,5
98841,1
98844,2
98846,1
98848,4
98851,1
98855,1
98856,1
98858,1
98862,3
98901,7
98902,1
98908,3
98922,4
98926,6
98937,1
98944,2
98948,1
98951,3
98953,2
99001,1
99006,1
99016,2
99019,7
99020,1
99021,1
99022,1
99032,2
99037,1
99067,1
99114,3
99115,1
99122,1
99156,1
99163,8
99164,1
99169,3
99170,2
99201,16
99202,6
99205,2
99206,2
99207,1
99208,2
99212,2
99216,6
99217,1
99218,3
99224,23
99252,1
99258,1
99301,7
99320,1
99324,1
99326,1
99328,3
99336,4
99337,1
99338,3
99350,2
99352,7
99354,3
99361,1
99362,19
99403,1
99501,5
99503,2
99514,1
99515,3
99517,1
99518,1
99567,1
99574,2
99587,1
99603,3
99611,1
99623,1
99645,1
99654,3
99664,3
99669,4
99676,4
99701,1
99729,1
99743,1
99755,2
99801,17
99840,1
CA,1
G9N 0,3
K1N 5,1
K2H 5,1
L0P1N,1
L2G3X,2
M1B 2,1
M1V0A,1
P0K 1,1
